sr,taluka,site,lat,lon,aquifer,ph,ec,tds,th,ca,mg,na,k,hco3,cl,so4,no3,f,sar,rsc,page,is10500_exceedances,n_params_tested,irrigation_class_e,source_agency,sample_period
1,Nagpur,Hudkeshwar Bk.,21.0831,79.1269,shallow,8.0,1160.0,757.0,245.0,92.0,3.6,152.0,4.7,170.0,199.0,20.0,40.0,,4.22,-2.11,245.0,,5,pass,CGWB,"compiled 2019-20 (NAQUIM aquifer mapping, publ. 2021); includes earlier studies - no per-sample date published"
2,Umred,Wadegaon,21.0367,79.1908,shallow,7.9,968.0,632.0,345.0,90.0,29.2,62.0,2.0,160.0,128.0,23.0,47.0,,1.45,-4.28,245.0,nitrate,5,pass,CGWB,"compiled 2019-20 (NAQUIM aquifer mapping, publ. 2021); includes earlier studies - no per-sample date published"
3,Nagpur (R),Banawadi,21.05,79.0928,shallow,7.7,670.0,438.0,300.0,90.0,18.2,16.0,2.0,149.0,50.0,22.0,29.0,,0.4,-3.56,245.0,,5,pass,CGWB,"compiled 2019-20 (NAQUIM aquifer mapping, publ. 2021); includes earlier studies - no per-sample date published"
4,Umred,Matkazari,20.9822,79.1378,shallow,7.6,965.0,630.0,275.0,90.0,12.2,92.0,19.6,273.0,57.0,24.0,31.0,,2.41,-1.03,245.0,,5,pass,CGWB,"compiled 2019-20 (NAQUIM aquifer mapping, publ. 2021); includes earlier studies - no per-sample date published"
5,Umred,Jamgarh,20.8844,79.1378,shallow,8.1,670.0,438.0,260.0,84.0,12.2,23.0,2.0,152.0,50.0,23.0,28.0,,0.62,-2.7,245.0,,5,pass,CGWB,"compiled 2019-20 (NAQUIM aquifer mapping, publ. 2021); includes earlier studies - no per-sample date published"
6,Umred,Chargaon,20.8589,79.0814,shallow,7.8,902.0,589.0,370.0,108.0,24.3,37.0,7.8,135.0,160.0,24.0,42.0,,0.83,-5.19,245.0,,5,pass,CGWB,"compiled 2019-20 (NAQUIM aquifer mapping, publ. 2021); includes earlier studies - no per-sample date published"
7,Nagpur (R),Chimnazari,20.8225,78.9561,shallow,7.6,995.0,650.0,400.0,96.0,38.9,44.0,0.4,202.0,113.0,8.0,43.0,,0.95,-4.69,245.0,,5,pass,CGWB,"compiled 2019-20 (NAQUIM aquifer mapping, publ. 2021); includes earlier studies - no per-sample date published"
8,Nagpur,Saubhagyanagar,21.0931,79.1208,shallow,7.9,1050.0,686.0,360.0,122.0,13.4,71.0,7.8,142.0,195.0,6.0,81.0,,1.63,-4.88,245.0,nitrate,5,pass,CGWB,"compiled 2019-20 (NAQUIM aquifer mapping, publ. 2021); includes earlier studies - no per-sample date published"
9,Nagpur,Jaitala,21.1119,79.0264,shallow,8.1,315.0,206.0,110.0,40.0,2.4,21.0,3.9,64.0,21.0,23.0,23.0,,0.86,-1.15,245.0,,5,pass,CGWB,"compiled 2019-20 (NAQUIM aquifer mapping, publ. 2021); includes earlier studies - no per-sample date published"
10,Hingna,Panjari,21.0358,78.9617,shallow,8.1,916.0,598.0,240.0,82.0,8.5,92.0,7.8,199.0,110.0,6.0,31.0,,2.58,-1.55,245.0,,5,pass,CGWB,"compiled 2019-20 (NAQUIM aquifer mapping, publ. 2021); includes earlier studies - no per-sample date published"
11,Nagpur,Pioli Nadi,21.1889,79.1228,shallow,8.0,815.0,532.0,350.0,88.0,31.6,35.0,3.9,131.0,117.0,48.0,25.0,,0.8,-4.85,245.0,,5,pass,CGWB,"compiled 2019-20 (NAQUIM aquifer mapping, publ. 2021); includes earlier studies - no per-sample date published"
12,Hingna,Salai Dabha,20.9625,78.95,shallow,7.7,1045.0,682.0,285.0,100.0,8.5,104.0,3.9,174.0,156.0,11.0,48.0,,2.67,-2.85,245.0,nitrate,5,pass,CGWB,"compiled 2019-20 (NAQUIM aquifer mapping, publ. 2021); includes earlier studies - no per-sample date published"
13,Hingna,Lakhmpur,20.9505,78.8874,shallow,7.8,606.0,396.0,250.0,74.0,15.8,23.0,2.0,163.0,21.0,24.0,19.0,,0.63,-2.33,245.0,,5,pass,CGWB,"compiled 2019-20 (NAQUIM aquifer mapping, publ. 2021); includes earlier studies - no per-sample date published"
14,Hingna,Khairi kh.,20.9094,78.9,shallow,7.6,972.0,635.0,235.0,80.0,8.5,115.0,3.9,163.0,113.0,53.0,37.0,,3.26,-2.03,245.0,,5,pass,CGWB,"compiled 2019-20 (NAQUIM aquifer mapping, publ. 2021); includes earlier studies - no per-sample date published"
15,Hingna,Chauki,20.8998,78.7814,shallow,7.8,608.0,397.0,230.0,76.0,9.7,35.0,2.0,149.0,25.0,34.0,25.0,,0.99,-2.16,245.0,,5,pass,CGWB,"compiled 2019-20 (NAQUIM aquifer mapping, publ. 2021); includes earlier studies - no per-sample date published"
16,Hingna,Navegaon,20.9896,78.7948,shallow,7.9,550.0,359.0,200.0,72.0,4.9,35.0,3.9,142.0,25.0,34.0,19.0,,1.06,-1.68,245.0,,5,pass,CGWB,"compiled 2019-20 (NAQUIM aquifer mapping, publ. 2021); includes earlier studies - no per-sample date published"
17,Hingna,Ambazari,21.0517,78.8374,shallow,8.0,709.0,463.0,290.0,100.0,9.7,28.0,3.9,177.0,35.0,48.0,25.0,,0.7,-2.89,245.0,,5,pass,CGWB,"compiled 2019-20 (NAQUIM aquifer mapping, publ. 2021); includes earlier studies - no per-sample date published"
18,Umred,Paradgaon,20.9203,79.2192,shallow,7.9,460.0,300.0,200.0,62.0,10.9,14.0,2.0,71.0,64.0,38.0,12.0,,0.42,-2.84,245.0,,5,pass,CGWB,"compiled 2019-20 (NAQUIM aquifer mapping, publ. 2021); includes earlier studies - no per-sample date published"
19,Umred,Virali,20.9172,79.2828,shallow,8.1,954.0,623.0,380.0,118.0,20.7,46.0,3.9,89.0,181.0,72.0,37.0,,1.03,-6.15,245.0,,5,pass,CGWB,"compiled 2019-20 (NAQUIM aquifer mapping, publ. 2021); includes earlier studies - no per-sample date published"
20,Umred,Bramhni,20.9128,79.3575,shallow,7.9,2433.0,1589.0,625.0,98.0,92.4,276.0,11.7,43.0,638.0,211.0,37.0,,4.8,-11.8,245.0,hardness,5,fail,CGWB,"compiled 2019-20 (NAQUIM aquifer mapping, publ. 2021); includes earlier studies - no per-sample date published"
21,Umred,Belgaon,20.829,79.3378,shallow,8.1,4920.0,3213.0,225.0,64.0,15.8,1035.0,15.6,124.0,1450.0,240.0,12.0,,30.0,-2.47,245.0,TDS,5,fail,CGWB,"compiled 2019-20 (NAQUIM aquifer mapping, publ. 2021); includes earlier studies - no per-sample date published"
22,Umred,Dighori,20.7783,79.2319,shallow,8.1,660.0,431.0,240.0,58.0,23.1,41.0,3.9,53.0,149.0,22.0,17.0,,1.16,-3.93,245.0,,5,pass,CGWB,"compiled 2019-20 (NAQUIM aquifer mapping, publ. 2021); includes earlier studies - no per-sample date published"
23,Nagpur (R),Shiwa,21.1172,78.7439,shallow,8.2,648.0,423.0,270.0,86.0,13.4,23.0,3.9,142.0,46.0,24.0,37.0,,0.61,-3.08,245.0,,5,pass,CGWB,"compiled 2019-20 (NAQUIM aquifer mapping, publ. 2021); includes earlier studies - no per-sample date published"
24,Hingna,Digdoh,21.0886,78.7567,shallow,7.9,1343.0,877.0,530.0,180.0,19.4,64.0,7.8,238.0,199.0,23.0,37.0,,1.22,-6.71,245.0,,5,pass,CGWB,"compiled 2019-20 (NAQUIM aquifer mapping, publ. 2021); includes earlier studies - no per-sample date published"
25,Hingna,Turagondi,21.1122,78.8314,shallow,8.0,658.0,430.0,205.0,64.0,10.9,53.0,3.9,82.0,78.0,58.0,25.0,,1.61,-2.76,245.0,,5,pass,CGWB,"compiled 2019-20 (NAQUIM aquifer mapping, publ. 2021); includes earlier studies - no per-sample date published"
26,Umred,Belpeth/Shedesh war,20.7477,79.1181,shallow,8.1,1600.0,1045.0,640.0,120.0,82.6,78.0,7.8,284.0,206.0,82.0,37.0,,1.34,-8.15,246.0,hardness,5,pass,CGWB,"compiled 2019-20 (NAQUIM aquifer mapping, publ. 2021); includes earlier studies - no per-sample date published"
27,Umred,Kinhala,20.704,79.1405,shallow,7.9,581.0,379.0,200.0,64.0,9.7,41.0,2.0,43.0,103.0,48.0,37.0,,1.27,-3.3,246.0,,5,pass,CGWB,"compiled 2019-20 (NAQUIM aquifer mapping, publ. 2021); includes earlier studies - no per-sample date published"
28,Umred,Sirsi,20.6783,79.1619,shallow,7.9,1435.0,937.0,605.0,142.0,60.8,46.0,7.8,39.0,397.0,58.0,37.0,,0.81,-11.46,246.0,hardness,5,pass,CGWB,"compiled 2019-20 (NAQUIM aquifer mapping, publ. 2021); includes earlier studies - no per-sample date published"
29,Nagpur (R),Bori,20.9194,79.0111,shallow,8.0,2040.0,1332.0,710.0,222.0,37.7,143.0,7.8,121.0,425.0,230.0,37.0,,2.33,-12.22,246.0,hardness,5,pass,CGWB,"compiled 2019-20 (NAQUIM aquifer mapping, publ. 2021); includes earlier studies - no per-sample date published"
30,Nagpur,Gowari,21.2697,78.9478,shallow,7.9,1085.0,709.0,340.0,122.0,8.5,92.0,3.9,46.0,248.0,72.0,37.0,,2.17,-6.04,246.0,,5,pass,CGWB,"compiled 2019-20 (NAQUIM aquifer mapping, publ. 2021); includes earlier studies - no per-sample date published"
31,Umred,Umrer,20.85,79.3333,shallow,7.9,2212.0,1171.0,637.5,139.0,69.3,181.8,10.22,862.4,130.3,182.0,2.0,0.92,3.14,1.49,246.0,hardness,6,pass,CGWB,"compiled 2019-20 (NAQUIM aquifer mapping, publ. 2021); includes earlier studies - no per-sample date published"
32,Parseoni,Ramtek,21.4,79.3,shallow,7.7,1407.0,746.0,387.6,87.9,40.1,102.23,10.0,469.9,117.9,51.0,44.0,0.95,2.27,0.01,246.0,,6,pass,CGWB,"compiled 2019-20 (NAQUIM aquifer mapping, publ. 2021); includes earlier studies - no per-sample date published"
33,Narkhed,Narkhed,21.4667,78.5333,shallow,7.4,1417.0,750.0,351.9,73.6,40.1,109.0,1.99,487.7,85.6,43.0,44.0,0.55,2.54,1.02,246.0,,6,pass,CGWB,"compiled 2019-20 (NAQUIM aquifer mapping, publ. 2021); includes earlier studies - no per-sample date published"
34,Hingna,Gumgaon,20.9917,79.0333,shallow,7.9,758.0,402.0,285.6,83.8,18.2,38.0,8.79,398.5,11.2,12.0,9.0,0.73,0.98,0.84,246.0,,6,pass,CGWB,"compiled 2019-20 (NAQUIM aquifer mapping, publ. 2021); includes earlier studies - no per-sample date published"
35,Ramtek,Deolapar,21.5833,79.3667,shallow,7.7,613.0,325.0,204.0,47.0,20.7,41.0,5.67,345.0,13.6,11.0,0.0,1.36,1.25,1.6,246.0,,6,pass,CGWB,"compiled 2019-20 (NAQUIM aquifer mapping, publ. 2021); includes earlier studies - no per-sample date published"
36,Umred,Panchgaon,21.0333,79.1667,shallow,8.0,584.0,310.0,229.5,63.4,17.0,17.0,1.0,249.8,13.6,41.0,28.0,1.21,0.49,-0.47,246.0,,6,pass,CGWB,"compiled 2019-20 (NAQUIM aquifer mapping, publ. 2021); includes earlier studies - no per-sample date published"
37,Kalmeshwar,Wardhamna,21.1417,78.9333,shallow,7.6,1587.0,841.0,459.0,83.8,59.5,61.0,6.13,475.8,170.0,23.0,4.0,0.51,1.24,-1.29,246.0,,6,pass,CGWB,"compiled 2019-20 (NAQUIM aquifer mapping, publ. 2021); includes earlier studies - no per-sample date published"
38,Kalmeshwar,Kalmeshwar,21.2333,78.9167,shallow,7.7,685.0,363.0,260.1,40.9,37.7,25.0,4.66,178.4,80.6,35.0,3.0,0.46,0.68,-2.22,246.0,,6,pass,CGWB,"compiled 2019-20 (NAQUIM aquifer mapping, publ. 2021); includes earlier studies - no per-sample date published"
39,Ramtek,Chorbaoli,21.4667,79.3167,shallow,8.0,1134.0,566.0,255.0,51.1,30.4,133.0,2.13,487.7,73.2,20.0,0.0,0.84,3.64,2.94,246.0,,6,pass,CGWB,"compiled 2019-20 (NAQUIM aquifer mapping, publ. 2021); includes earlier studies - no per-sample date published"
40,Parseoni,Parseoni,21.55,79.1667,shallow,7.5,696.0,369.0,214.2,42.9,25.5,33.0,33.16,309.3,26.1,19.0,11.0,0.12,0.98,0.82,246.0,,6,pass,CGWB,"compiled 2019-20 (NAQUIM aquifer mapping, publ. 2021); includes earlier studies - no per-sample date published"
41,Parseoni,Nagalwadi,21.5667,79.0167,shallow,7.7,781.0,414.0,229.5,47.0,26.7,51.0,7.07,327.1,28.5,18.0,15.0,0.65,1.47,0.81,246.0,,6,pass,CGWB,"compiled 2019-20 (NAQUIM aquifer mapping, publ. 2021); includes earlier studies - no per-sample date published"
42,Ramtek,Sivani,21.4,79.4708,shallow,7.9,790.0,418.0,234.6,42.9,30.4,69.0,1.41,374.7,33.5,23.0,14.0,1.23,1.97,1.5,246.0,,6,pass,CGWB,"compiled 2019-20 (NAQUIM aquifer mapping, publ. 2021); includes earlier studies - no per-sample date published"
43,Umred,Uti,20.95,79.2167,shallow,7.8,967.0,512.0,311.1,61.3,37.7,51.0,3.25,410.4,38.5,35.0,34.0,0.77,1.26,0.56,246.0,,6,pass,CGWB,"compiled 2019-20 (NAQUIM aquifer mapping, publ. 2021); includes earlier studies - no per-sample date published"
44,Mauda,Chacher,21.2833,79.3417,shallow,7.7,792.0,420.0,234.6,53.1,24.3,65.0,1.81,315.2,45.9,64.0,4.0,1.31,1.85,0.51,246.0,,6,pass,CGWB,"compiled 2019-20 (NAQUIM aquifer mapping, publ. 2021); includes earlier studies - no per-sample date published"
45,Ramtek,Manegaon Tek,21.6806,79.4222,shallow,7.6,1459.0,773.0,433.5,83.8,53.5,42.0,5.56,463.9,95.5,7.0,46.0,0.83,0.88,-0.99,247.0,nitrate,6,pass,CGWB,"compiled 2019-20 (NAQUIM aquifer mapping, publ. 2021); includes earlier studies - no per-sample date published"
46,Saoner,Kelod,21.4597,78.8764,shallow,7.7,1236.0,655.0,311.1,65.4,35.2,128.0,4.52,428.2,75.7,55.0,42.0,1.34,3.17,0.85,247.0,,6,pass,CGWB,"compiled 2019-20 (NAQUIM aquifer mapping, publ. 2021); includes earlier studies - no per-sample date published"
47,Hingna,Sathnaori,21.1333,78.8,shallow,7.8,1015.0,539.0,244.8,65.4,19.4,60.0,43.87,345.0,50.9,41.0,42.0,0.63,1.67,0.78,247.0,,6,pass,CGWB,"compiled 2019-20 (NAQUIM aquifer mapping, publ. 2021); includes earlier studies - no per-sample date published"
48,Parseoni,Nayakund,21.3667,79.1833,shallow,7.8,773.0,409.0,239.7,45.0,30.4,50.0,6.06,309.3,36.0,22.0,33.0,0.92,1.41,0.32,247.0,,6,pass,CGWB,"compiled 2019-20 (NAQUIM aquifer mapping, publ. 2021); includes earlier studies - no per-sample date published"
49,Saoner,Khubala,21.45,78.9667,shallow,7.6,728.0,386.0,234.6,42.9,30.4,41.0,14.06,321.2,23.6,21.0,21.0,0.91,1.17,0.62,247.0,,6,pass,CGWB,"compiled 2019-20 (NAQUIM aquifer mapping, publ. 2021); includes earlier studies - no per-sample date published"
50,Parseoni,Wagholi,21.3333,79.2167,shallow,7.7,666.0,353.0,214.2,40.9,26.7,52.0,4.6,315.2,23.6,14.0,15.0,0.96,1.55,0.92,247.0,,6,pass,CGWB,"compiled 2019-20 (NAQUIM aquifer mapping, publ. 2021); includes earlier studies - no per-sample date published"
51,Ramtek,Sirpur Toli,21.3667,79.4,shallow,7.3,502.0,266.0,198.9,34.7,26.7,23.0,4.07,226.0,16.1,21.0,24.0,0.28,0.71,-0.23,247.0,,6,pass,CGWB,"compiled 2019-20 (NAQUIM aquifer mapping, publ. 2021); includes earlier studies - no per-sample date published"
52,Mauda,Khat,21.2417,79.5458,shallow,7.9,861.0,456.0,249.9,47.0,31.6,56.0,2.04,368.7,48.4,32.0,7.0,2.22,1.55,1.09,247.0,fluoride,6,pass,CGWB,"compiled 2019-20 (NAQUIM aquifer mapping, publ. 2021); includes earlier studies - no per-sample date published"
53,Nagpur (R),Borkhedi,20.8833,78.975,shallow,7.6,826.0,438.0,239.7,49.1,27.9,54.0,3.93,386.6,26.1,18.0,9.0,0.55,1.52,1.58,247.0,,6,pass,CGWB,"compiled 2019-20 (NAQUIM aquifer mapping, publ. 2021); includes earlier studies - no per-sample date published"
54,Katol,Chargaon (Punarwasi),21.2667,78.7583,shallow,7.7,858.0,454.0,285.6,45.0,41.3,56.0,1.22,356.9,31.0,28.0,39.0,0.54,1.45,0.2,247.0,,6,pass,CGWB,"compiled 2019-20 (NAQUIM aquifer mapping, publ. 2021); includes earlier studies - no per-sample date published"
55,Nagpur (R),Nagpur_Ramdasp eth,21.1306,79.0639,shallow,7.9,693.0,367.0,198.9,42.9,21.9,55.0,1.39,303.3,40.9,16.0,4.0,2.49,1.7,1.03,247.0,fluoride,6,pass,CGWB,"compiled 2019-20 (NAQUIM aquifer mapping, publ. 2021); includes earlier studies - no per-sample date published"
56,Narkhed,Lohara,21.2658,78.4083,shallow,7.3,647.0,342.0,229.5,65.4,15.8,43.0,1.6,291.4,36.0,33.0,8.0,0.22,1.24,0.21,247.0,,6,pass,CGWB,"compiled 2019-20 (NAQUIM aquifer mapping, publ. 2021); includes earlier studies - no per-sample date published"
57,Bhiwapur,Nawegaon (Deshmukh),20.8028,79.4286,shallow,7.7,564.0,299.0,163.2,38.8,15.8,41.0,7.56,291.4,16.1,21.0,1.0,1.12,1.4,1.54,247.0,,6,pass,CGWB,"compiled 2019-20 (NAQUIM aquifer mapping, publ. 2021); includes earlier studies - no per-sample date published"
58,Saoner,Kothulna,21.4194,79.0383,shallow,7.7,2329.0,1233.0,647.7,110.4,88.7,125.0,6.73,713.7,232.0,71.0,45.0,1.26,2.15,-1.12,247.0,hardness,6,fail,CGWB,"compiled 2019-20 (NAQUIM aquifer mapping, publ. 2021); includes earlier studies - no per-sample date published"
59,Hingna,Kanholi bara,20.9333,78.85,shallow,7.5,688.0,365.0,234.6,63.4,18.2,33.0,4.04,309.3,43.4,22.0,4.0,0.41,0.94,0.4,247.0,,6,pass,CGWB,"compiled 2019-20 (NAQUIM aquifer mapping, publ. 2021); includes earlier studies - no per-sample date published"
60,Umred,Makardhokda,20.8667,79.2194,shallow,7.9,727.0,384.0,295.8,59.3,35.2,28.0,0.66,327.1,28.5,30.0,10.0,0.64,0.71,-0.5,247.0,,6,pass,CGWB,"compiled 2019-20 (NAQUIM aquifer mapping, publ. 2021); includes earlier studies - no per-sample date published"
61,Hingna,Amgaon,20.9944,78.925,shallow,7.4,564.0,299.0,188.7,42.9,19.4,26.0,1.14,243.8,31.0,22.0,1.0,0.38,0.83,0.25,247.0,,6,pass,CGWB,"compiled 2019-20 (NAQUIM aquifer mapping, publ. 2021); includes earlier studies - no per-sample date published"
62,Narkhed,Sawargaon,21.3917,78.635,shallow,7.5,824.0,436.0,285.6,47.0,40.1,24.0,3.0,321.2,48.4,21.0,13.0,0.34,0.62,-0.39,247.0,,6,pass,CGWB,"compiled 2019-20 (NAQUIM aquifer mapping, publ. 2021); includes earlier studies - no per-sample date published"
63,Nagpur (R),Mohpa,21.1417,78.7625,shallow,7.8,877.0,465.0,290.7,49.1,40.1,48.0,1.94,345.0,36.0,28.0,30.0,1.25,1.23,-0.1,247.0,,6,pass,CGWB,"compiled 2019-20 (NAQUIM aquifer mapping, publ. 2021); includes earlier studies - no per-sample date published"
64,Kalmeshwar,Dhapewada,21.3028,78.9139,shallow,7.5,1362.0,722.0,504.9,106.3,57.1,78.0,1.04,463.9,122.8,41.0,44.0,0.44,1.52,-2.41,248.0,,6,pass,CGWB,"compiled 2019-20 (NAQUIM aquifer mapping, publ. 2021); includes earlier studies - no per-sample date published"
65,Kamptee,Koradi,21.2528,79.08,shallow,7.5,476.0,252.0,147.9,38.8,12.2,40.0,4.78,166.5,45.9,24.0,7.0,0.63,1.43,-0.21,248.0,,6,pass,CGWB,"compiled 2019-20 (NAQUIM aquifer mapping, publ. 2021); includes earlier studies - no per-sample date published"
66,Nagpur (R),Nagpur_Hanuma n nagar,21.1264,79.1056,shallow,7.5,1039.0,549.0,362.1,40.9,62.0,53.0,2.18,428.2,58.3,37.0,6.0,1.67,1.22,-0.12,248.0,fluoride,6,pass,CGWB,"compiled 2019-20 (NAQUIM aquifer mapping, publ. 2021); includes earlier studies - no per-sample date published"
67,Saoner,Saoner-1,21.3897,78.9406,shallow,7.9,1304.0,691.0,418.2,63.4,62.0,62.0,0.73,487.7,73.2,38.0,44.0,0.51,1.33,-0.27,248.0,,6,pass,CGWB,"compiled 2019-20 (NAQUIM aquifer mapping, publ. 2021); includes earlier studies - no per-sample date published"
68,Katol,Nandora,21.1706,78.6111,shallow,7.8,397.0,210.0,137.7,26.6,17.0,28.0,2.66,148.7,13.6,64.0,4.0,0.45,1.04,-0.29,248.0,,6,pass,CGWB,"compiled 2019-20 (NAQUIM aquifer mapping, publ. 2021); includes earlier studies - no per-sample date published"
69,Hingna,Takalghat,20.9144,78.9439,shallow,7.6,2209.0,1170.0,627.3,126.7,74.1,109.0,88.05,927.8,155.1,59.0,47.0,0.58,1.9,2.77,248.0,nitrate|hardness,6,pass,CGWB,"compiled 2019-20 (NAQUIM aquifer mapping, publ. 2021); includes earlier studies - no per-sample date published"
70,Saoner,Bhasali Takli,21.3533,78.9906,shallow,7.8,1507.0,798.0,387.6,85.9,41.3,162.0,3.38,606.6,103.0,52.0,46.0,0.31,3.59,2.25,248.0,nitrate,6,pass,CGWB,"compiled 2019-20 (NAQUIM aquifer mapping, publ. 2021); includes earlier studies - no per-sample date published"
71,Umred,Pipaldol,20.8331,79.2656,shallow,8.0,915.0,484.0,321.3,47.0,48.6,43.0,6.34,350.9,68.2,66.0,5.0,0.29,1.05,-0.6,248.0,,6,pass,CGWB,"compiled 2019-20 (NAQUIM aquifer mapping, publ. 2021); includes earlier studies - no per-sample date published"
72,Bhiwapur,Bhiwapur,20.7664,79.5164,shallow,7.6,944.0,500.0,260.1,59.3,26.7,79.0,8.39,315.2,98.0,76.0,15.0,1.02,2.14,0.0,248.0,,6,pass,CGWB,"compiled 2019-20 (NAQUIM aquifer mapping, publ. 2021); includes earlier studies - no per-sample date published"
73,Ramtek,Kharpada,21.5308,79.3475,shallow,7.5,1345.0,760.0,367.2,83.8,37.7,53.0,9.18,315.2,95.5,82.0,46.0,0.25,1.21,-2.12,248.0,nitrate,6,pass,CGWB,"compiled 2019-20 (NAQUIM aquifer mapping, publ. 2021); includes earlier studies - no per-sample date published"
74,Narkhed,Malapur,21.4322,78.6594,shallow,7.7,767.0,406.0,270.3,42.9,38.9,29.0,1.36,71.4,145.2,40.0,42.0,0.49,0.77,-4.18,248.0,,6,pass,CGWB,"compiled 2019-20 (NAQUIM aquifer mapping, publ. 2021); includes earlier studies - no per-sample date published"
75,Nagpur (R),Gonkhedi,21.1364,78.9008,shallow,7.7,724.0,384.0,214.2,42.9,25.5,55.0,1.58,315.2,28.5,50.0,12.0,1.05,1.64,0.92,248.0,,6,pass,CGWB,"compiled 2019-20 (NAQUIM aquifer mapping, publ. 2021); includes earlier studies - no per-sample date published"
76,Katol,Ridhora,21.2322,78.6206,shallow,7.6,638.0,338.0,198.9,40.9,23.1,33.0,2.15,285.5,21.1,20.0,17.0,0.54,1.02,0.74,248.0,,6,pass,CGWB,"compiled 2019-20 (NAQUIM aquifer mapping, publ. 2021); includes earlier studies - no per-sample date published"
77,Nagpur (R),Nagpur_Wadi naka,21.1522,79.0178,shallow,7.6,912.0,483.0,316.2,47.0,47.4,53.0,2.14,309.3,68.2,56.0,22.0,0.33,1.3,-1.18,248.0,,6,pass,CGWB,"compiled 2019-20 (NAQUIM aquifer mapping, publ. 2021); includes earlier studies - no per-sample date published"
78,Nagpur (R),Nagpur_Chinchb hawan,21.0661,79.0611,shallow,7.5,1542.0,818.0,351.9,83.8,34.0,158.0,11.11,493.6,120.4,87.0,44.0,0.69,3.67,1.1,248.0,,6,pass,CGWB,"compiled 2019-20 (NAQUIM aquifer mapping, publ. 2021); includes earlier studies - no per-sample date published"
79,Nagpur (R),Nagpur_Punapur,21.1608,79.1692,shallow,7.5,990.0,524.0,275.4,63.4,27.9,82.0,11.41,208.2,140.2,78.0,2.0,0.19,2.16,-2.06,248.0,,6,pass,CGWB,"compiled 2019-20 (NAQUIM aquifer mapping, publ. 2021); includes earlier studies - no per-sample date published"
80,Nagpur (R),Nagpur_Koradi naka,21.2086,79.0772,shallow,7.8,1591.0,844.0,346.8,85.9,31.6,165.0,9.83,493.6,189.8,14.0,8.0,0.54,3.86,1.2,248.0,,6,pass,CGWB,"compiled 2019-20 (NAQUIM aquifer mapping, publ. 2021); includes earlier studies - no per-sample date published"
81,Nagpur (R),Nagpur_Police line takli,21.1764,79.0653,shallow,7.6,454.0,240.0,204.0,38.8,25.5,17.0,0.84,107.1,21.1,130.0,2.0,0.81,0.52,-2.29,248.0,,6,pass,CGWB,"compiled 2019-20 (NAQUIM aquifer mapping, publ. 2021); includes earlier studies - no per-sample date published"
82,Kuhi,Kuhi-1,21.015,79.3603,shallow,7.9,780.0,413.0,163.2,18.4,27.9,62.0,2.23,321.2,18.6,19.0,14.0,0.7,2.12,2.05,248.0,,6,pass,CGWB,"compiled 2019-20 (NAQUIM aquifer mapping, publ. 2021); includes earlier studies - no per-sample date published"
83,Mauda,Tarsha,21.2258,79.3811,shallow,7.5,2490.0,1318.0,821.1,177.8,89.9,143.0,58.65,731.5,219.6,178.0,36.0,0.51,2.18,-4.3,249.0,hardness,6,fail,CGWB,"compiled 2019-20 (NAQUIM aquifer mapping, publ. 2021); includes earlier studies - no per-sample date published"
84,Hingna,Mohgaon Zelpi,21.0683,78.8875,shallow,7.5,749.0,397.0,219.3,47.0,24.3,32.0,0.91,249.8,23.6,35.0,41.0,0.68,0.94,-0.26,249.0,,6,pass,CGWB,"compiled 2019-20 (NAQUIM aquifer mapping, publ. 2021); includes earlier studies - no per-sample date published"
85,Saoner,Patansaongi-2,21.3353,79.0167,shallow,8.0,560.0,297.0,209.1,65.4,10.9,34.0,1.59,309.3,13.6,8.0,14.0,0.45,1.02,0.9,249.0,,6,pass,CGWB,"compiled 2019-20 (NAQUIM aquifer mapping, publ. 2021); includes earlier studies - no per-sample date published"
86,Kalmeshwar,Lohgad,21.3422,78.7231,shallow,7.5,908.0,480.0,321.3,47.0,48.6,36.0,2.99,291.4,45.9,42.0,47.0,0.27,0.88,-1.57,249.0,nitrate,6,pass,CGWB,"compiled 2019-20 (NAQUIM aquifer mapping, publ. 2021); includes earlier studies - no per-sample date published"
87,Umred,Singori,20.7453,79.0697,shallow,7.7,557.0,295.0,209.1,42.9,24.3,43.0,1.09,243.8,23.6,29.0,27.0,0.44,1.3,-0.15,249.0,,6,pass,CGWB,"compiled 2019-20 (NAQUIM aquifer mapping, publ. 2021); includes earlier studies - no per-sample date published"
88,Kalmeshwar,Tondakhairi,21.2692,78.9525,shallow,7.7,825.0,436.0,300.9,47.0,43.7,39.0,15.51,380.6,36.0,19.0,37.0,0.74,0.98,0.29,249.0,,6,pass,CGWB,"compiled 2019-20 (NAQUIM aquifer mapping, publ. 2021); includes earlier studies - no per-sample date published"
89,Katol,Metpanjara,21.2658,78.7128,shallow,7.7,1391.0,737.0,469.2,124.7,37.7,39.0,6.32,368.7,112.9,87.0,30.0,0.48,0.78,-3.29,249.0,,6,pass,CGWB,"compiled 2019-20 (NAQUIM aquifer mapping, publ. 2021); includes earlier studies - no per-sample date published"
90,Kalmeshwar,Sillori,21.3022,78.9731,shallow,7.7,2343.0,1241.0,877.2,249.4,60.8,106.0,114.2,921.9,187.4,126.0,46.0,0.24,1.56,-2.36,249.0,nitrate|hardness,6,fail,CGWB,"compiled 2019-20 (NAQUIM aquifer mapping, publ. 2021); includes earlier studies - no per-sample date published"
91,Kalmeshwar,Khapri,21.2353,78.835,shallow,7.8,953.0,505.0,367.2,45.0,60.8,26.0,1.1,368.7,48.4,36.0,45.0,0.75,0.59,-1.2,249.0,,6,pass,CGWB,"compiled 2019-20 (NAQUIM aquifer mapping, publ. 2021); includes earlier studies - no per-sample date published"
92,Kalmeshwar,Linga,21.2028,78.8214,shallow,7.7,1476.0,782.0,418.2,47.0,71.7,63.0,63.78,529.3,85.6,75.0,46.0,0.54,1.35,0.43,249.0,nitrate,6,pass,CGWB,"compiled 2019-20 (NAQUIM aquifer mapping, publ. 2021); includes earlier studies - no per-sample date published"
93,Kalmeshwar,Kohli,21.2522,78.8161,shallow,7.7,908.0,482.0,367.2,65.4,48.6,29.0,1.64,380.6,40.9,42.0,41.0,1.03,0.66,-1.03,249.0,,6,pass,CGWB,"compiled 2019-20 (NAQUIM aquifer mapping, publ. 2021); includes earlier studies - no per-sample date published"
94,Katol,Wasboli,21.2189,78.7022,shallow,7.7,1141.0,569.0,326.4,42.9,52.3,40.0,12.84,386.6,53.4,41.0,44.0,0.62,0.97,-0.11,249.0,,6,pass,CGWB,"compiled 2019-20 (NAQUIM aquifer mapping, publ. 2021); includes earlier studies - no per-sample date published"
95,Kalmeshwar,Ramgiri,21.3019,78.7514,shallow,7.2,522.0,276.0,163.2,45.0,12.2,45.0,1.79,273.6,16.1,14.0,9.0,0.6,1.54,1.24,249.0,,6,pass,CGWB,"compiled 2019-20 (NAQUIM aquifer mapping, publ. 2021); includes earlier studies - no per-sample date published"
96,Nagpur (R),Khairgaon,21.1858,78.9567,shallow,7.3,1333.0,706.0,453.9,92.0,53.5,33.0,1.8,428.2,78.2,66.0,47.0,0.25,0.68,-1.98,249.0,nitrate,6,pass,CGWB,"compiled 2019-20 (NAQUIM aquifer mapping, publ. 2021); includes earlier studies - no per-sample date published"
97,Nagpur (R),Satgaon,20.9297,79.0036,shallow,7.7,1012.0,536.0,214.2,42.9,25.5,72.0,0.77,243.8,83.1,62.0,25.0,1.02,2.15,-0.25,249.0,,6,pass,CGWB,"compiled 2019-20 (NAQUIM aquifer mapping, publ. 2021); includes earlier studies - no per-sample date published"
98,Kalmeshwar,Ashti,21.2019,78.9683,shallow,7.8,782.0,414.0,300.9,65.4,32.8,37.0,1.23,374.7,18.6,26.0,41.0,0.76,0.93,0.17,249.0,,6,pass,CGWB,"compiled 2019-20 (NAQUIM aquifer mapping, publ. 2021); includes earlier studies - no per-sample date published"
99,Narkhed,Mohad,21.4686,78.4458,shallow,7.7,2076.0,1100.0,622.2,139.0,65.6,130.0,3.06,463.9,294.1,68.0,16.0,0.26,2.27,-4.74,249.0,hardness,6,pass,CGWB,"compiled 2019-20 (NAQUIM aquifer mapping, publ. 2021); includes earlier studies - no per-sample date published"
100,Mauda,Mouda-1,21.1472,79.4003,shallow,7.6,2288.0,1212.0,275.4,40.9,41.3,286.0,10.67,624.5,204.7,154.0,46.0,0.5,7.54,4.79,249.0,nitrate,6,fail,CGWB,"compiled 2019-20 (NAQUIM aquifer mapping, publ. 2021); includes earlier studies - no per-sample date published"
101,Hingna,Hingna (Dhangarpura),21.0739,78.9578,shallow,7.6,664.0,352.0,249.9,24.5,45.0,33.0,1.55,321.2,21.1,23.0,23.0,0.32,0.91,0.34,249.0,,6,pass,CGWB,"compiled 2019-20 (NAQUIM aquifer mapping, publ. 2021); includes earlier studies - no per-sample date published"
102,Ramtek,Karwahi,21.6689,79.45,shallow,8.0,1703.0,1107.0,438.2,145.7,71.1,170.87,2.51,385.5,215.9,99.0,31.0,,2.9,-6.82,250.0,,5,pass,CGWB,"compiled 2019-20 (NAQUIM aquifer mapping, publ. 2021); includes earlier studies - no per-sample date published"
103,Ramtek,Pathrai,21.5306,79.3,shallow,7.8,638.0,415.0,239.0,73.9,40.1,38.4,2.0,263.5,25.7,50.0,10.0,,0.89,-2.68,250.0,,5,pass,CGWB,"compiled 2019-20 (NAQUIM aquifer mapping, publ. 2021); includes earlier studies - no per-sample date published"
104,Ramtek,Kamthi,21.6067,79.3722,shallow,7.8,474.0,308.0,229.1,77.8,36.8,19.96,2.01,253.8,12.9,12.0,16.0,,0.47,-2.76,250.0,,5,pass,CGWB,"compiled 2019-20 (NAQUIM aquifer mapping, publ. 2021); includes earlier studies - no per-sample date published"
105,Ramtek,Lakhapur,21.5603,79.4311,shallow,7.6,335.0,218.0,109.6,31.9,18.9,33.46,1.6,107.4,28.3,35.0,8.0,,1.16,-1.39,250.0,,5,pass,CGWB,"compiled 2019-20 (NAQUIM aquifer mapping, publ. 2021); includes earlier studies - no per-sample date published"
106,Ramtek,Murda,21.4589,79.4164,shallow,7.4,1251.0,813.0,448.2,129.7,77.4,65.01,0.65,170.8,267.3,11.0,31.0,,1.11,-10.05,250.0,,5,pass,CGWB,"compiled 2019-20 (NAQUIM aquifer mapping, publ. 2021); includes earlier studies - no per-sample date published"
107,Ramtek,Gugaldoh/ Ghogra,21.4217,79.4322,shallow,7.6,1590.0,1034.0,517.9,167.7,85.1,85.22,0.96,322.1,210.8,109.0,31.0,,1.34,-10.11,250.0,,5,pass,CGWB,"compiled 2019-20 (NAQUIM aquifer mapping, publ. 2021); includes earlier studies - no per-sample date published"
108,Kamptee,Asoli Sakwa,21.1414,79.2042,shallow,7.9,1290.0,839.0,219.1,77.8,34.3,165.19,0.28,361.1,138.8,33.0,10.0,,3.92,-0.79,250.0,,5,pass,CGWB,"compiled 2019-20 (NAQUIM aquifer mapping, publ. 2021); includes earlier studies - no per-sample date published"
109,Kamptee,Gumthala,21.1375,79.2836,shallow,7.7,687.0,447.0,288.8,93.8,47.4,34.05,0.85,185.4,79.7,53.0,31.0,,0.71,-5.55,250.0,,5,pass,CGWB,"compiled 2019-20 (NAQUIM aquifer mapping, publ. 2021); includes earlier studies - no per-sample date published"
110,Kamptee,Palsad,21.1147,79.2717,shallow,7.6,908.0,590.0,303.8,101.8,49.1,61.81,2.07,161.0,79.7,139.0,39.0,,1.26,-6.49,250.0,,5,pass,CGWB,"compiled 2019-20 (NAQUIM aquifer mapping, publ. 2021); includes earlier studies - no per-sample date published"
111,Kamptee,Chikli,21.0867,79.3031,shallow,8.0,553.0,359.0,164.3,49.9,27.8,61.71,1.83,190.3,43.7,36.0,16.0,,1.74,-1.66,250.0,,5,pass,CGWB,"compiled 2019-20 (NAQUIM aquifer mapping, publ. 2021); includes earlier studies - no per-sample date published"
112,Kamptee,Badoda/ Wadoda,21.1339,79.3192,shallow,7.8,473.0,307.0,204.2,61.9,34.6,14.34,11.5,195.2,18.0,32.0,11.0,,0.36,-2.74,250.0,,5,pass,CGWB,"compiled 2019-20 (NAQUIM aquifer mapping, publ. 2021); includes earlier studies - no per-sample date published"
113,Mauda,Vanjara,21.1172,79.4189,shallow,7.8,619.0,402.0,254.0,79.8,42.3,36.3,1.82,253.8,18.0,49.0,29.0,,0.82,-3.31,250.0,,5,pass,CGWB,"compiled 2019-20 (NAQUIM aquifer mapping, publ. 2021); includes earlier studies - no per-sample date published"
114,Mauda,Chirvha,21.1278,79.4511,shallow,8.0,900.0,585.0,234.1,81.8,37.0,102.06,4.16,292.8,79.7,43.0,15.0,,2.35,-2.33,250.0,,5,pass,CGWB,"compiled 2019-20 (NAQUIM aquifer mapping, publ. 2021); includes earlier studies - no per-sample date published"
115,Mauda,Marodi,21.1564,79.45,shallow,7.9,777.0,505.0,219.1,65.9,37.2,38.43,2.87,302.6,43.7,15.0,18.0,,0.94,-1.4,250.0,,5,pass,CGWB,"compiled 2019-20 (NAQUIM aquifer mapping, publ. 2021); includes earlier studies - no per-sample date published"
116,Mauda,Dhanala,21.1858,79.4686,shallow,7.6,2240.0,1456.0,976.1,305.4,163.0,51.2,0.84,117.1,601.4,145.0,41.0,,0.59,-26.76,250.0,hardness,5,pass,CGWB,"compiled 2019-20 (NAQUIM aquifer mapping, publ. 2021); includes earlier studies - no per-sample date published"
117,Mauda,Govri,21.1214,79.5056,shallow,7.9,1885.0,1225.0,562.7,167.7,96.0,135.69,30.03,551.4,246.7,76.0,37.0,,2.07,-7.25,250.0,,5,pass,CGWB,"compiled 2019-20 (NAQUIM aquifer mapping, publ. 2021); includes earlier studies - no per-sample date published"
118,Mauda,Panjra,21.2114,79.5369,shallow,8.2,1770.0,1151.0,368.5,123.8,59.5,235.0,1.67,395.3,231.3,127.0,28.0,,4.34,-4.61,250.0,,5,pass,CGWB,"compiled 2019-20 (NAQUIM aquifer mapping, publ. 2021); includes earlier studies - no per-sample date published"
119,Mauda,Sirsoli,21.2853,79.5369,shallow,8.1,685.0,445.0,293.8,85.8,50.5,41.17,3.09,253.8,77.1,31.0,20.0,,0.87,-4.29,250.0,,5,pass,CGWB,"compiled 2019-20 (NAQUIM aquifer mapping, publ. 2021); includes earlier studies - no per-sample date published"
120,Mauda,Bori Ghiwari,21.3281,79.5078,shallow,7.9,2894.0,1881.0,358.6,123.8,57.1,320.48,1.9,385.5,390.7,72.0,32.0,,5.97,-4.57,251.0,,5,fail,CGWB,"compiled 2019-20 (NAQUIM aquifer mapping, publ. 2021); includes earlier studies - no per-sample date published"
121,Mauda,Aroli,21.3228,79.4494,shallow,8.2,919.0,597.0,408.4,125.7,68.7,12.38,0.06,219.6,79.7,81.0,12.0,,0.22,-8.34,251.0,,5,pass,CGWB,"compiled 2019-20 (NAQUIM aquifer mapping, publ. 2021); includes earlier studies - no per-sample date published"
122,Mauda,Kumbhapur,21.1989,79.3283,shallow,8.1,751.0,488.0,403.4,139.7,64.1,2.24,0.06,322.1,20.6,52.0,19.0,,0.04,-6.98,251.0,,5,pass,CGWB,"compiled 2019-20 (NAQUIM aquifer mapping, publ. 2021); includes earlier studies - no per-sample date published"
123,Mauda,Bhendala,21.2308,79.4289,shallow,7.9,1674.0,1088.0,338.6,105.8,56.6,138.9,0.62,331.8,208.2,53.0,31.0,,2.71,-4.51,251.0,,5,pass,CGWB,"compiled 2019-20 (NAQUIM aquifer mapping, publ. 2021); includes earlier studies - no per-sample date published"
124,Mauda,Hingna,21.2622,79.3878,shallow,7.9,1691.0,1099.0,408.4,141.7,64.8,138.25,0.59,409.9,182.5,56.0,30.0,,2.41,-5.7,251.0,,5,pass,CGWB,"compiled 2019-20 (NAQUIM aquifer mapping, publ. 2021); includes earlier studies - no per-sample date published"
125,Mauda,Chacher,21.2831,79.3372,shallow,8.2,1970.0,1281.0,343.6,117.8,54.9,35.19,0.41,175.7,105.4,59.0,30.0,,0.67,-7.53,251.0,,5,pass,CGWB,"compiled 2019-20 (NAQUIM aquifer mapping, publ. 2021); includes earlier studies - no per-sample date published"
126,Mauda,Rewral,21.2647,79.4639,shallow,7.8,2952.0,1919.0,308.8,103.8,49.8,175.0,102.41,444.1,336.7,21.0,41.0,,3.53,-2.01,251.0,,5,fail,CGWB,"compiled 2019-20 (NAQUIM aquifer mapping, publ. 2021); includes earlier studies - no per-sample date published"
127,Kamptee,Waregaon,21.2475,79.1539,shallow,7.6,2506.0,1629.0,811.7,279.4,129.3,39.0,24.02,234.2,439.5,77.0,88.0,,0.48,-20.77,251.0,nitrate|hardness,5,fail,CGWB,"compiled 2019-20 (NAQUIM aquifer mapping, publ. 2021); includes earlier studies - no per-sample date published"
128,Kamptee,Suradevi,21.2469,79.1211,shallow,7.6,1569.0,1020.0,209.2,63.9,35.3,165.0,22.0,229.4,218.5,70.0,51.0,,4.11,-2.34,251.0,nitrate,5,pass,CGWB,"compiled 2019-20 (NAQUIM aquifer mapping, publ. 2021); includes earlier studies - no per-sample date published"
129,Kamptee,Ghorpada,21.1886,79.1992,shallow,7.6,1985.0,1290.0,418.3,143.7,66.7,37.9,20.6,122.0,277.6,62.0,8.0,,0.65,-10.67,251.0,,5,pass,CGWB,"compiled 2019-20 (NAQUIM aquifer mapping, publ. 2021); includes earlier studies - no per-sample date published"
130,Kamptee,Gada,21.1964,79.2344,shallow,7.5,585.0,380.0,144.4,47.9,23.5,32.6,18.49,224.5,30.8,19.0,15.0,,0.96,-0.65,251.0,,5,pass,CGWB,"compiled 2019-20 (NAQUIM aquifer mapping, publ. 2021); includes earlier studies - no per-sample date published"
131,Kamptee,Ungaon,21.1903,79.2922,shallow,7.7,889.0,578.0,308.8,101.8,50.3,37.6,19.34,297.7,69.4,24.0,29.0,,0.76,-4.35,251.0,,5,pass,CGWB,"compiled 2019-20 (NAQUIM aquifer mapping, publ. 2021); includes earlier studies - no per-sample date published"
132,Parseoni,Khandala,21.2192,79.2672,shallow,7.7,724.0,471.0,119.5,35.9,20.3,68.0,21.0,283.0,43.7,22.0,17.0,,2.25,1.17,251.0,,5,pass,CGWB,"compiled 2019-20 (NAQUIM aquifer mapping, publ. 2021); includes earlier studies - no per-sample date published"
133,Kalmeshwar,Kalmeshwar,21.2297,78.9183,shallow,7.6,1898.0,1234.0,308.8,91.8,52.7,175.0,20.0,214.7,411.2,48.0,16.0,,3.6,-5.41,251.0,,5,pass,CGWB,"compiled 2019-20 (NAQUIM aquifer mapping, publ. 2021); includes earlier studies - no per-sample date published"
134,Kalmeshwar,Uparvani,21.215,78.8553,shallow,7.9,1174.0,763.0,239.0,79.8,38.7,85.33,20.16,361.1,100.2,29.0,59.0,,1.96,-1.25,251.0,nitrate,5,pass,CGWB,"compiled 2019-20 (NAQUIM aquifer mapping, publ. 2021); includes earlier studies - no per-sample date published"
135,Kalmeshwar,Wathoda,21.2825,78.8389,shallow,7.4,1234.0,802.0,263.9,93.8,41.3,61.0,34.07,209.8,156.8,45.0,50.0,,1.32,-4.65,251.0,nitrate,5,pass,CGWB,"compiled 2019-20 (NAQUIM aquifer mapping, publ. 2021); includes earlier studies - no per-sample date published"
136,Kalmeshwar,Mohpa,21.3064,78.8283,shallow,7.6,1109.0,721.0,318.7,107.8,51.3,35.16,20.45,239.1,125.9,32.0,62.0,,0.7,-5.69,251.0,nitrate,5,pass,CGWB,"compiled 2019-20 (NAQUIM aquifer mapping, publ. 2021); includes earlier studies - no per-sample date published"
137,Kalmeshwar,Khairi,21.2925,78.7908,shallow,7.5,847.0,551.0,244.0,73.9,41.4,30.51,5.88,136.6,97.7,29.0,43.0,,0.7,-4.86,251.0,,5,pass,CGWB,"compiled 2019-20 (NAQUIM aquifer mapping, publ. 2021); includes earlier studies - no per-sample date published"
138,Kalmeshwar,Mandvi,21.3425,78.8058,shallow,7.8,962.0,625.0,139.4,47.9,22.2,60.5,36.6,39.0,92.5,84.0,46.0,,1.81,-3.58,252.0,nitrate,5,pass,CGWB,"compiled 2019-20 (NAQUIM aquifer mapping, publ. 2021); includes earlier studies - no per-sample date published"
139,Kalmeshwar,Tishti,21.3731,78.7875,shallow,7.4,1026.0,667.0,259.0,87.8,41.6,35.3,20.9,175.7,107.9,35.0,78.0,,0.78,-4.93,252.0,nitrate,5,pass,CGWB,"compiled 2019-20 (NAQUIM aquifer mapping, publ. 2021); includes earlier studies - no per-sample date published"
140,Kalmeshwar,Parsodi Wakil,21.3464,78.8856,shallow,7.7,756.0,491.0,149.4,43.9,25.6,52.9,20.46,268.4,28.3,16.0,32.0,,1.57,0.1,252.0,,5,pass,CGWB,"compiled 2019-20 (NAQUIM aquifer mapping, publ. 2021); includes earlier studies - no per-sample date published"
141,Kalmeshwar,Tel-Kamthi,21.3761,78.8517,shallow,7.7,1059.0,688.0,219.1,67.9,36.8,60.8,30.07,219.6,128.5,35.0,53.0,,1.48,-2.82,252.0,nitrate,5,pass,CGWB,"compiled 2019-20 (NAQUIM aquifer mapping, publ. 2021); includes earlier studies - no per-sample date published"
142,Kalmeshwar,Dadhera,21.3889,78.7728,shallow,7.9,929.0,604.0,159.4,49.9,26.6,68.16,21.9,195.2,74.5,55.0,19.0,,1.94,-1.48,252.0,,5,pass,CGWB,"compiled 2019-20 (NAQUIM aquifer mapping, publ. 2021); includes earlier studies - no per-sample date published"
143,Saoner,Khursipar,21.4731,78.7589,shallow,7.8,590.0,384.0,169.3,49.9,29.0,60.7,20.38,185.4,79.7,21.0,23.0,,1.69,-1.84,252.0,,5,pass,CGWB,"compiled 2019-20 (NAQUIM aquifer mapping, publ. 2021); includes earlier studies - no per-sample date published"
144,Saoner,Jatamkhor,21.4747,78.8103,shallow,7.4,970.0,631.0,179.3,55.9,30.0,34.0,20.7,161.0,46.3,42.0,75.0,,0.91,-2.62,252.0,nitrate,5,pass,CGWB,"compiled 2019-20 (NAQUIM aquifer mapping, publ. 2021); includes earlier studies - no per-sample date published"
145,Saoner,Umri,21.4203,78.8136,shallow,7.6,543.0,353.0,129.5,41.9,21.3,30.16,20.1,209.8,25.7,23.0,17.0,,0.95,-0.41,252.0,,5,pass,CGWB,"compiled 2019-20 (NAQUIM aquifer mapping, publ. 2021); includes earlier studies - no per-sample date published"
146,Saoner,Rampuri,21.4436,78.8642,shallow,7.5,1240.0,806.0,313.7,119.8,47.1,53.8,22.3,219.6,169.6,41.0,68.0,,1.05,-6.27,252.0,nitrate,5,pass,CGWB,"compiled 2019-20 (NAQUIM aquifer mapping, publ. 2021); includes earlier studies - no per-sample date published"
147,Saoner,Kelwad,21.4633,78.8792,shallow,8.0,1329.0,864.0,273.9,91.8,44.2,122.0,20.44,409.9,110.5,108.0,51.0,,2.62,-1.51,252.0,nitrate,5,pass,CGWB,"compiled 2019-20 (NAQUIM aquifer mapping, publ. 2021); includes earlier studies - no per-sample date published"
148,Parseoni,Satak,21.3367,79.2661,shallow,7.4,1243.0,808.0,363.5,133.7,55.8,36.8,30.2,156.2,161.9,52.0,72.0,,0.67,-8.72,252.0,nitrate,5,pass,CGWB,"compiled 2019-20 (NAQUIM aquifer mapping, publ. 2021); includes earlier studies - no per-sample date published"
149,Ramtek,Amgaon,21.3881,79.3489,shallow,7.5,229.0,149.0,64.7,20.0,10.9,12.3,3.4,53.7,28.3,12.0,10.0,,0.55,-1.02,252.0,,5,pass,CGWB,"compiled 2019-20 (NAQUIM aquifer mapping, publ. 2021); includes earlier studies - no per-sample date published"
150,Parseoni,Tamaswadi,21.3111,79.135,shallow,7.5,551.0,358.0,154.4,53.9,24.4,28.77,1.43,248.9,22.1,2.0,4.0,,0.82,-0.62,252.0,,5,pass,CGWB,"compiled 2019-20 (NAQUIM aquifer mapping, publ. 2021); includes earlier studies - no per-sample date published"
151,Parseoni,Guramde,21.3136,79.175,shallow,7.1,476.0,309.0,114.5,33.9,19.6,54.33,2.76,248.9,12.9,36.0,9.0,,1.84,0.77,252.0,,5,pass,CGWB,"compiled 2019-20 (NAQUIM aquifer mapping, publ. 2021); includes earlier studies - no per-sample date published"
152,Parseoni,Kharanbad,21.3739,79.1139,shallow,7.6,1360.0,884.0,263.9,91.8,41.8,116.49,49.81,327.0,195.3,7.0,59.0,,2.53,-2.67,252.0,nitrate,5,pass,CGWB,"compiled 2019-20 (NAQUIM aquifer mapping, publ. 2021); includes earlier studies - no per-sample date published"
153,Parseoni,Khubala,21.4656,78.9956,shallow,7.8,690.0,449.0,164.3,59.9,25.4,33.32,23.99,214.7,38.6,35.0,9.0,,0.91,-1.57,252.0,,5,pass,CGWB,"compiled 2019-20 (NAQUIM aquifer mapping, publ. 2021); includes earlier studies - no per-sample date published"
154,Saoner,Tembhurdoh,21.5047,78.9472,shallow,7.8,215.0,140.0,144.4,47.9,23.5,69.32,2.62,307.4,22.1,22.0,29.0,,2.05,0.71,252.0,,5,pass,CGWB,"compiled 2019-20 (NAQUIM aquifer mapping, publ. 2021); includes earlier studies - no per-sample date published"
155,Saoner,Waki,21.3358,79.025,shallow,7.8,693.0,450.0,179.3,63.9,28.0,64.06,0.93,278.2,46.3,61.0,41.0,,1.68,-0.94,252.0,,5,pass,CGWB,"compiled 2019-20 (NAQUIM aquifer mapping, publ. 2021); includes earlier studies - no per-sample date published"
156,Saoner,Gujarwadi,21.3756,78.9436,shallow,7.8,934.0,607.0,263.9,93.8,41.3,81.74,0.59,458.7,64.3,17.0,39.0,,1.77,-0.57,252.0,,5,pass,CGWB,"compiled 2019-20 (NAQUIM aquifer mapping, publ. 2021); includes earlier studies - no per-sample date published"
157,Saoner,Khurajgaon,21.4147,78.9081,shallow,7.9,605.0,393.0,164.3,59.9,25.4,72.38,10.25,219.6,59.1,30.0,33.0,,1.97,-1.49,253.0,,5,pass,CGWB,"compiled 2019-20 (NAQUIM aquifer mapping, publ. 2021); includes earlier studies - no per-sample date published"
158,Saoner,Nanda Kuurd Nandapur,21.4414,78.9583,shallow,7.9,613.0,398.0,164.3,59.9,25.4,84.64,1.18,361.1,22.1,23.0,6.0,,2.31,0.83,253.0,,5,pass,CGWB,"compiled 2019-20 (NAQUIM aquifer mapping, publ. 2021); includes earlier studies - no per-sample date published"
159,Saoner,Kawatha,21.4753,78.9047,shallow,7.8,1114.0,724.0,298.8,111.8,45.4,76.29,6.16,390.4,84.8,4.0,39.0,,1.54,-2.93,253.0,,5,pass,CGWB,"compiled 2019-20 (NAQUIM aquifer mapping, publ. 2021); includes earlier studies - no per-sample date published"
160,Parseoni,SuwarDhara,21.4856,79.1256,shallow,7.7,437.0,284.0,144.4,53.9,22.0,30.76,2.86,131.8,22.1,61.0,14.0,,0.89,-2.34,253.0,,5,pass,CGWB,"compiled 2019-20 (NAQUIM aquifer mapping, publ. 2021); includes earlier studies - no per-sample date published"
161,Parseoni,Bitoli,21.4347,79.165,shallow,7.7,2181.0,1418.0,438.2,139.7,72.5,298.3,0.81,444.1,308.4,149.0,12.0,,5.1,-5.67,253.0,,5,pass,CGWB,"compiled 2019-20 (NAQUIM aquifer mapping, publ. 2021); includes earlier studies - no per-sample date published"
162,Parseoni,Mahul,21.415,79.1883,shallow,7.4,1089.0,708.0,249.0,99.8,36.3,50.69,15.01,268.4,120.8,2.0,9.0,,1.1,-3.58,253.0,,5,pass,CGWB,"compiled 2019-20 (NAQUIM aquifer mapping, publ. 2021); includes earlier studies - no per-sample date published"
163,Parseoni,Khandala Ghatate,21.2189,79.2672,shallow,7.9,612.0,398.0,129.5,37.9,22.2,74.22,2.55,307.4,15.4,16.0,3.0,,2.37,1.32,253.0,,5,pass,CGWB,"compiled 2019-20 (NAQUIM aquifer mapping, publ. 2021); includes earlier studies - no per-sample date published"
164,Parseoni,Kherdi,21.26,79.29,shallow,8.2,1844.0,1199.0,378.5,119.8,62.9,103.8,26.51,336.7,311.0,2.0,1.0,,1.91,-5.65,253.0,,5,pass,CGWB,"compiled 2019-20 (NAQUIM aquifer mapping, publ. 2021); includes earlier studies - no per-sample date published"
165,Ramtek,Kachurwadi,21.3317,79.3853,shallow,7.8,401.0,261.0,119.5,35.9,20.3,22.27,1.4,156.2,22.1,7.0,20.0,,0.74,-0.9,253.0,,5,pass,CGWB,"compiled 2019-20 (NAQUIM aquifer mapping, publ. 2021); includes earlier studies - no per-sample date published"
166,Mauda,KhaperKhedi,21.3531,79.4292,shallow,7.7,770.0,501.0,129.5,39.9,21.8,10.5,0.65,53.7,82.2,4.0,38.0,,0.33,-2.91,253.0,,5,pass,CGWB,"compiled 2019-20 (NAQUIM aquifer mapping, publ. 2021); includes earlier studies - no per-sample date published"
167,Ramtek,Patgavri,21.3936,79.2278,shallow,8.1,1031.0,670.0,219.1,73.9,35.3,101.0,15.4,419.7,72.0,54.0,12.0,,2.42,0.28,253.0,,5,pass,CGWB,"compiled 2019-20 (NAQUIM aquifer mapping, publ. 2021); includes earlier studies - no per-sample date published"
168,Borda,Ramtek,21.4483,79.2742,shallow,8.0,1213.0,788.0,253.5,89.8,39.8,111.84,56.62,380.6,156.8,55.0,31.0,,2.47,-1.53,253.0,,5,pass,CGWB,"compiled 2019-20 (NAQUIM aquifer mapping, publ. 2021); includes earlier studies - no per-sample date published"
169,Warghat,Ramtek,21.5481,79.4075,shallow,7.6,970.0,631.0,164.3,59.9,25.4,82.74,4.64,205.0,77.1,25.0,5.0,,2.26,-1.72,253.0,,5,pass,CGWB,"compiled 2019-20 (NAQUIM aquifer mapping, publ. 2021); includes earlier studies - no per-sample date published"
170,Karwahi,Ramtek,21.3936,79.4492,shallow,7.8,984.0,640.0,234.1,81.8,37.0,55.3,3.74,248.9,79.7,15.0,22.0,,1.27,-3.05,253.0,,5,pass,CGWB,"compiled 2019-20 (NAQUIM aquifer mapping, publ. 2021); includes earlier studies - no per-sample date published"
171,Parsodi,Mauda,21.0958,79.2092,shallow,7.6,1766.0,1148.0,373.0,135.7,57.7,113.2,7.23,224.5,254.4,23.0,17.0,,2.05,-7.85,253.0,,5,pass,CGWB,"compiled 2019-20 (NAQUIM aquifer mapping, publ. 2021); includes earlier studies - no per-sample date published"
172,Bhiwapur,Kaodasi,20.7698,79.3038,shallow,8.0,504.0,,200.0,32.0,29.0,25.0,3.0,195.0,35.0,33.0,19.0,0.8,0.77,-0.79,253.0,,5,pass,CGWB,"compiled 2019-20 (NAQUIM aquifer mapping, publ. 2021); includes earlier studies - no per-sample date published"
173,Bhiwapur,Zamkoli,20.6314,79.1953,shallow,8.0,622.0,,265.0,60.0,28.0,21.0,2.0,226.0,64.0,10.0,37.0,0.6,0.56,-1.6,253.0,,5,pass,CGWB,"compiled 2019-20 (NAQUIM aquifer mapping, publ. 2021); includes earlier studies - no per-sample date published"
174,Bhiwapur,Kholdoda,20.5974,79.3098,shallow,8.0,3142.0,,295.0,56.0,38.0,610.0,20.0,427.0,638.0,374.0,8.0,0.8,15.41,1.07,253.0,,5,fail,CGWB,"compiled 2019-20 (NAQUIM aquifer mapping, publ. 2021); includes earlier studies - no per-sample date published"
175,Bhiwapur,Malewada,20.7262,79.3695,shallow,8.0,1560.0,,325.0,82.0,29.0,202.0,16.0,336.0,266.0,96.0,37.0,1.1,4.88,-0.98,253.0,,5,pass,CGWB,"compiled 2019-20 (NAQUIM aquifer mapping, publ. 2021); includes earlier studies - no per-sample date published"
176,Bhiwapur,Seloti,20.745,79.4421,shallow,8.0,600.0,,225.0,60.0,18.0,32.0,8.0,293.0,28.0,14.0,16.0,0.6,0.93,0.32,254.0,,5,pass,CGWB,"compiled 2019-20 (NAQUIM aquifer mapping, publ. 2021); includes earlier studies - no per-sample date published"
177,Bhiwapur,Adhyal,20.803,79.5158,shallow,8.0,583.0,,210.0,40.0,27.0,37.0,3.0,220.0,32.0,62.0,4.0,0.8,1.11,-0.62,254.0,,5,pass,CGWB,"compiled 2019-20 (NAQUIM aquifer mapping, publ. 2021); includes earlier studies - no per-sample date published"
178,Bhiwapur,Somnala,20.8383,79.5119,shallow,8.0,738.0,,260.0,70.0,21.0,48.0,4.0,232.0,78.0,38.0,36.0,0.4,1.29,-1.42,254.0,,5,pass,CGWB,"compiled 2019-20 (NAQUIM aquifer mapping, publ. 2021); includes earlier studies - no per-sample date published"
179,Kuhi,Gothangaon,20.9252,79.5316,shallow,8.0,675.0,,245.0,60.0,23.0,41.0,4.0,311.0,39.0,14.0,17.0,1.1,1.14,0.21,254.0,,5,pass,CGWB,"compiled 2019-20 (NAQUIM aquifer mapping, publ. 2021); includes earlier studies - no per-sample date published"
180,Kuhi,Jiwanapur,20.9462,79.5167,shallow,8.2,728.0,,240.0,40.0,34.0,58.0,3.0,348.0,50.0,10.0,4.0,0.5,1.63,0.91,254.0,,5,pass,CGWB,"compiled 2019-20 (NAQUIM aquifer mapping, publ. 2021); includes earlier studies - no per-sample date published"
181,Kuhi,Tutanbori,20.7992,79.4353,shallow,8.1,322.0,,200.0,66.0,9.0,51.0,4.0,311.0,21.0,24.0,7.0,0.4,1.56,1.06,254.0,,5,pass,CGWB,"compiled 2019-20 (NAQUIM aquifer mapping, publ. 2021); includes earlier studies - no per-sample date published"
182,Bhiwapur,Gondbori,20.7949,79.4498,shallow,8.2,850.0,,320.0,80.0,29.0,48.0,4.0,183.0,177.0,19.0,11.0,0.3,1.17,-3.39,254.0,,5,pass,CGWB,"compiled 2019-20 (NAQUIM aquifer mapping, publ. 2021); includes earlier studies - no per-sample date published"
183,Kuhi,Adam,20.9977,79.4521,shallow,8.2,646.0,,290.0,60.0,34.0,14.0,4.0,244.0,67.0,24.0,2.0,0.3,0.36,-1.8,254.0,,5,pass,CGWB,"compiled 2019-20 (NAQUIM aquifer mapping, publ. 2021); includes earlier studies - no per-sample date published"
184,Kuhi,Channa,20.9933,79.523,shallow,8.0,1410.0,,355.0,136.0,4.0,145.0,6.0,336.0,220.0,58.0,40.0,0.8,3.34,-1.62,254.0,,5,pass,CGWB,"compiled 2019-20 (NAQUIM aquifer mapping, publ. 2021); includes earlier studies - no per-sample date published"
185,Kuhi,Pauni,21.0189,79.4919,shallow,8.0,1680.0,,385.0,40.0,69.0,207.0,8.0,336.0,365.0,43.0,8.0,0.4,4.59,-2.17,254.0,,5,pass,CGWB,"compiled 2019-20 (NAQUIM aquifer mapping, publ. 2021); includes earlier studies - no per-sample date published"
186,Kuhi,Bhiwkund,21.0519,79.4594,shallow,8.2,630.0,,265.0,60.0,28.0,23.0,2.0,244.0,53.0,24.0,23.0,0.8,0.61,-1.3,254.0,,5,pass,CGWB,"compiled 2019-20 (NAQUIM aquifer mapping, publ. 2021); includes earlier studies - no per-sample date published"
187,Kuhi,Rajola,21.0733,79.5244,shallow,8.1,1450.0,,410.0,46.0,72.0,147.0,2.0,391.0,248.0,29.0,40.0,0.4,3.15,-1.82,254.0,,5,pass,CGWB,"compiled 2019-20 (NAQUIM aquifer mapping, publ. 2021); includes earlier studies - no per-sample date published"
188,Kuhi,Kuhi,21.0119,79.3509,shallow,8.1,950.0,,290.0,100.0,10.0,94.0,20.0,226.0,199.0,34.0,24.0,0.8,2.4,-2.12,254.0,,5,pass,CGWB,"compiled 2019-20 (NAQUIM aquifer mapping, publ. 2021); includes earlier studies - no per-sample date published"
189,Kuhi,Dhanoli,21.0446,79.2636,shallow,7.9,947.0,,310.0,36.0,53.0,74.0,8.0,415.0,53.0,38.0,30.0,0.9,1.83,0.64,254.0,,5,pass,CGWB,"compiled 2019-20 (NAQUIM aquifer mapping, publ. 2021); includes earlier studies - no per-sample date published"
190,Kuhi,Dodama,21.0112,79.256,shallow,8.0,1906.0,,500.0,62.0,84.0,207.0,16.0,336.0,440.0,43.0,37.0,0.8,4.02,-4.5,254.0,,5,pass,CGWB,"compiled 2019-20 (NAQUIM aquifer mapping, publ. 2021); includes earlier studies - no per-sample date published"
191,Kuhi,Ambadi,21.0569,79.3643,shallow,8.1,928.0,,270.0,46.0,38.0,85.0,8.0,281.0,135.0,14.0,37.0,0.5,2.24,-0.82,254.0,,5,pass,CGWB,"compiled 2019-20 (NAQUIM aquifer mapping, publ. 2021); includes earlier studies - no per-sample date published"
192,Umred,Umrer,20.85,79.3333,shallow,7.9,2212.0,1171.0,637.5,139.0,69.3,181.8,10.22,862.4,130.3,182.0,2.0,0.92,3.14,1.49,254.0,hardness,6,pass,CGWB,"compiled 2019-20 (NAQUIM aquifer mapping, publ. 2021); includes earlier studies - no per-sample date published"
193,Parseoni,Ramtek,21.4,79.3,shallow,7.7,1407.0,746.0,387.6,87.9,40.1,102.23,10.0,469.9,117.9,51.0,44.0,0.95,2.27,0.01,254.0,,6,pass,CGWB,"compiled 2019-20 (NAQUIM aquifer mapping, publ. 2021); includes earlier studies - no per-sample date published"
194,Narkhed,Narkhed,21.4667,78.5333,shallow,7.4,1417.0,750.0,351.9,73.6,40.1,109.0,1.99,487.7,85.6,43.0,44.0,0.55,2.54,1.02,254.0,,6,pass,CGWB,"compiled 2019-20 (NAQUIM aquifer mapping, publ. 2021); includes earlier studies - no per-sample date published"
195,Hingna,Gumgaon,20.9917,79.0333,shallow,7.9,758.0,402.0,285.6,83.8,18.2,38.0,8.79,398.5,11.2,12.0,9.0,0.73,0.98,0.84,255.0,,6,pass,CGWB,"compiled 2019-20 (NAQUIM aquifer mapping, publ. 2021); includes earlier studies - no per-sample date published"
196,Ramtek,Deolapar,21.5833,79.3667,shallow,7.7,613.0,325.0,204.0,47.0,20.7,41.0,5.67,345.0,13.6,11.0,0.0,1.36,1.25,1.6,255.0,,6,pass,CGWB,"compiled 2019-20 (NAQUIM aquifer mapping, publ. 2021); includes earlier studies - no per-sample date published"
197,Umred,Panchgaon,21.0333,79.1667,shallow,8.0,584.0,310.0,229.5,63.4,17.0,17.0,1.0,249.8,13.6,41.0,28.0,1.21,0.49,-0.47,255.0,,6,pass,CGWB,"compiled 2019-20 (NAQUIM aquifer mapping, publ. 2021); includes earlier studies - no per-sample date published"
198,Kalmeshwar,Wardhamna,21.1417,78.9333,shallow,7.6,1587.0,841.0,459.0,83.8,59.5,61.0,6.13,475.8,170.0,23.0,4.0,0.51,1.24,-1.29,255.0,,6,pass,CGWB,"compiled 2019-20 (NAQUIM aquifer mapping, publ. 2021); includes earlier studies - no per-sample date published"
199,Kalmeshwar,Kalmeshwar,21.2333,78.9167,shallow,7.7,685.0,363.0,260.1,40.9,37.7,25.0,4.66,178.4,80.6,35.0,3.0,0.46,0.68,-2.22,255.0,,6,pass,CGWB,"compiled 2019-20 (NAQUIM aquifer mapping, publ. 2021); includes earlier studies - no per-sample date published"
200,Ramtek,Chorbaoli,21.4667,79.3167,shallow,8.0,1134.0,566.0,255.0,51.1,30.4,133.0,2.13,487.7,73.2,20.0,0.0,0.84,3.64,2.94,255.0,,6,pass,CGWB,"compiled 2019-20 (NAQUIM aquifer mapping, publ. 2021); includes earlier studies - no per-sample date published"
201,Parseoni,Parseoni,21.55,79.1667,shallow,7.5,696.0,369.0,214.2,42.9,25.5,33.0,33.16,309.3,26.1,19.0,11.0,0.12,0.98,0.82,255.0,,6,pass,CGWB,"compiled 2019-20 (NAQUIM aquifer mapping, publ. 2021); includes earlier studies - no per-sample date published"
202,Parseoni,Nagalwadi,21.5667,79.0167,shallow,7.7,781.0,414.0,229.5,47.0,26.7,51.0,7.07,327.1,28.5,18.0,15.0,0.65,1.47,0.81,255.0,,6,pass,CGWB,"compiled 2019-20 (NAQUIM aquifer mapping, publ. 2021); includes earlier studies - no per-sample date published"
203,Ramtek,Sivani,21.4,79.4708,shallow,7.9,790.0,418.0,234.6,42.9,30.4,69.0,1.41,374.7,33.5,23.0,14.0,1.23,1.97,1.5,255.0,,6,pass,CGWB,"compiled 2019-20 (NAQUIM aquifer mapping, publ. 2021); includes earlier studies - no per-sample date published"
204,Umred,Uti,20.95,79.2167,shallow,7.8,967.0,512.0,311.1,61.3,37.7,51.0,3.25,410.4,38.5,35.0,34.0,0.77,1.26,0.56,255.0,,6,pass,CGWB,"compiled 2019-20 (NAQUIM aquifer mapping, publ. 2021); includes earlier studies - no per-sample date published"
205,Mauda,Chacher,21.2833,79.3417,shallow,7.7,792.0,420.0,234.6,53.1,24.3,65.0,1.81,315.2,45.9,64.0,4.0,1.31,1.85,0.51,255.0,,6,pass,CGWB,"compiled 2019-20 (NAQUIM aquifer mapping, publ. 2021); includes earlier studies - no per-sample date published"
206,Ramtek,Manegaon Tek,21.6806,79.4222,shallow,7.6,1459.0,773.0,433.5,83.8,53.5,42.0,5.56,463.9,95.5,7.0,46.0,0.83,0.88,-0.99,255.0,nitrate,6,pass,CGWB,"compiled 2019-20 (NAQUIM aquifer mapping, publ. 2021); includes earlier studies - no per-sample date published"
207,Saoner,Kelod,21.4597,78.8764,shallow,7.7,1236.0,655.0,311.1,65.4,35.2,128.0,4.52,428.2,75.7,55.0,42.0,1.34,3.17,0.85,255.0,,6,pass,CGWB,"compiled 2019-20 (NAQUIM aquifer mapping, publ. 2021); includes earlier studies - no per-sample date published"
208,Hingna,Sathnaori,21.1333,78.8,shallow,7.8,1015.0,539.0,244.8,65.4,19.4,60.0,43.87,345.0,50.9,41.0,42.0,0.63,1.67,0.78,255.0,,6,pass,CGWB,"compiled 2019-20 (NAQUIM aquifer mapping, publ. 2021); includes earlier studies - no per-sample date published"
209,Parseoni,Nayakund,21.3667,79.1833,shallow,7.8,773.0,409.0,239.7,45.0,30.4,50.0,6.06,309.3,36.0,22.0,33.0,0.92,1.41,0.32,255.0,,6,pass,CGWB,"compiled 2019-20 (NAQUIM aquifer mapping, publ. 2021); includes earlier studies - no per-sample date published"
210,Saoner,Khubala,21.45,78.9667,shallow,7.6,728.0,386.0,234.6,42.9,30.4,41.0,14.06,321.2,23.6,21.0,21.0,0.91,1.17,0.62,255.0,,6,pass,CGWB,"compiled 2019-20 (NAQUIM aquifer mapping, publ. 2021); includes earlier studies - no per-sample date published"
211,Parseoni,Wagholi,21.3333,79.2167,shallow,7.7,666.0,353.0,214.2,40.9,26.7,52.0,4.6,315.2,23.6,14.0,15.0,0.96,1.55,0.92,255.0,,6,pass,CGWB,"compiled 2019-20 (NAQUIM aquifer mapping, publ. 2021); includes earlier studies - no per-sample date published"
212,Ramtek,Sirpur Toli,21.3667,79.4,shallow,7.3,502.0,266.0,198.9,34.7,26.7,23.0,4.07,226.0,16.1,21.0,24.0,0.28,0.71,-0.23,255.0,,6,pass,CGWB,"compiled 2019-20 (NAQUIM aquifer mapping, publ. 2021); includes earlier studies - no per-sample date published"
213,Mauda,Khat,21.2417,79.5458,shallow,7.9,861.0,456.0,249.9,47.0,31.6,56.0,2.04,368.7,48.4,32.0,7.0,2.22,1.55,1.09,255.0,fluoride,6,pass,CGWB,"compiled 2019-20 (NAQUIM aquifer mapping, publ. 2021); includes earlier studies - no per-sample date published"
214,Nagpur (R),Borkhedi,20.8833,78.975,shallow,7.6,826.0,438.0,239.7,49.1,27.9,54.0,3.93,386.6,26.1,18.0,9.0,0.55,1.52,1.58,256.0,,6,pass,CGWB,"compiled 2019-20 (NAQUIM aquifer mapping, publ. 2021); includes earlier studies - no per-sample date published"
215,Katol,Chargaon (Punarwasi),21.2667,78.7583,shallow,7.7,858.0,454.0,285.6,45.0,41.3,56.0,1.22,356.9,31.0,28.0,39.0,0.54,1.45,0.2,256.0,,6,pass,CGWB,"compiled 2019-20 (NAQUIM aquifer mapping, publ. 2021); includes earlier studies - no per-sample date published"
216,Nagpur (R),Nagpur_Ramdasp eth,21.1306,79.0639,shallow,7.9,693.0,367.0,198.9,42.9,21.9,55.0,1.39,303.3,40.9,16.0,4.0,2.49,1.7,1.03,256.0,fluoride,6,pass,CGWB,"compiled 2019-20 (NAQUIM aquifer mapping, publ. 2021); includes earlier studies - no per-sample date published"
217,Narkhed,Lohara,21.2658,78.4083,shallow,7.3,647.0,342.0,229.5,65.4,15.8,43.0,1.6,291.4,36.0,33.0,8.0,0.22,1.24,0.21,256.0,,6,pass,CGWB,"compiled 2019-20 (NAQUIM aquifer mapping, publ. 2021); includes earlier studies - no per-sample date published"
218,Bhiwapur,Nawegaon (Deshmukh),20.8028,79.4286,shallow,7.7,564.0,299.0,163.2,38.8,15.8,41.0,7.56,291.4,16.1,21.0,1.0,1.12,1.4,1.54,256.0,,6,pass,CGWB,"compiled 2019-20 (NAQUIM aquifer mapping, publ. 2021); includes earlier studies - no per-sample date published"
219,Saoner,Kothulna,21.4194,79.0383,shallow,7.7,2329.0,1233.0,647.7,110.4,88.7,125.0,6.73,713.7,232.0,71.0,45.0,1.26,2.15,-1.12,256.0,hardness,6,fail,CGWB,"compiled 2019-20 (NAQUIM aquifer mapping, publ. 2021); includes earlier studies - no per-sample date published"
220,Hingna,Kanholi bara,20.9333,78.85,shallow,7.5,688.0,365.0,234.6,63.4,18.2,33.0,4.04,309.3,43.4,22.0,4.0,0.41,0.94,0.4,256.0,,6,pass,CGWB,"compiled 2019-20 (NAQUIM aquifer mapping, publ. 2021); includes earlier studies - no per-sample date published"
221,Umred,Makardhokda,20.8667,79.2194,shallow,7.9,727.0,384.0,295.8,59.3,35.2,28.0,0.66,327.1,28.5,30.0,10.0,0.64,0.71,-0.5,256.0,,6,pass,CGWB,"compiled 2019-20 (NAQUIM aquifer mapping, publ. 2021); includes earlier studies - no per-sample date published"
222,Hingna,Amgaon,20.9944,78.925,shallow,7.4,564.0,299.0,188.7,42.9,19.4,26.0,1.14,243.8,31.0,22.0,1.0,0.38,0.83,0.25,256.0,,6,pass,CGWB,"compiled 2019-20 (NAQUIM aquifer mapping, publ. 2021); includes earlier studies - no per-sample date published"
223,Narkhed,Sawargaon,21.3917,78.635,shallow,7.5,824.0,436.0,285.6,47.0,40.1,24.0,3.0,321.2,48.4,21.0,13.0,0.34,0.62,-0.39,256.0,,6,pass,CGWB,"compiled 2019-20 (NAQUIM aquifer mapping, publ. 2021); includes earlier studies - no per-sample date published"
224,Nagpur (R),Mohpa,21.1417,78.7625,shallow,7.8,877.0,465.0,290.7,49.1,40.1,48.0,1.94,345.0,36.0,28.0,30.0,1.25,1.23,-0.1,256.0,,6,pass,CGWB,"compiled 2019-20 (NAQUIM aquifer mapping, publ. 2021); includes earlier studies - no per-sample date published"
225,Kalmeshwar,Dhapewada,21.3028,78.9139,shallow,7.5,1362.0,722.0,504.9,106.3,57.1,78.0,1.04,463.9,122.8,41.0,44.0,0.44,1.52,-2.41,256.0,,6,pass,CGWB,"compiled 2019-20 (NAQUIM aquifer mapping, publ. 2021); includes earlier studies - no per-sample date published"
226,Kamptee,Koradi,21.2528,79.08,shallow,7.5,476.0,252.0,147.9,38.8,12.2,40.0,4.78,166.5,45.9,24.0,7.0,0.63,1.43,-0.21,256.0,,6,pass,CGWB,"compiled 2019-20 (NAQUIM aquifer mapping, publ. 2021); includes earlier studies - no per-sample date published"
227,Nagpur (R),Nagpur_Hanuma n nagar,21.1264,79.1056,shallow,7.5,1039.0,549.0,362.1,40.9,62.0,53.0,2.18,428.2,58.3,37.0,6.0,1.67,1.22,-0.12,256.0,fluoride,6,pass,CGWB,"compiled 2019-20 (NAQUIM aquifer mapping, publ. 2021); includes earlier studies - no per-sample date published"
228,Saoner,Saoner-1,21.3897,78.9406,shallow,7.9,1304.0,691.0,418.2,63.4,62.0,62.0,0.73,487.7,73.2,38.0,44.0,0.51,1.33,-0.27,256.0,,6,pass,CGWB,"compiled 2019-20 (NAQUIM aquifer mapping, publ. 2021); includes earlier studies - no per-sample date published"
229,Katol,Nandora,21.1706,78.6111,shallow,7.8,397.0,210.0,137.7,26.6,17.0,28.0,2.66,148.7,13.6,64.0,4.0,0.45,1.04,-0.29,256.0,,6,pass,CGWB,"compiled 2019-20 (NAQUIM aquifer mapping, publ. 2021); includes earlier studies - no per-sample date published"
230,Hingna,Takalghat,20.9144,78.9439,shallow,7.6,2209.0,1170.0,627.3,126.7,74.1,109.0,88.05,927.8,155.1,59.0,47.0,0.58,1.9,2.77,256.0,nitrate|hardness,6,pass,CGWB,"compiled 2019-20 (NAQUIM aquifer mapping, publ. 2021); includes earlier studies - no per-sample date published"
231,Saoner,Bhasali Takli,21.3533,78.9906,shallow,7.8,1507.0,798.0,387.6,85.9,41.3,162.0,3.38,606.6,103.0,52.0,46.0,0.31,3.59,2.25,256.0,nitrate,6,pass,CGWB,"compiled 2019-20 (NAQUIM aquifer mapping, publ. 2021); includes earlier studies - no per-sample date published"
232,Umred,Pipaldol,20.8331,79.2656,shallow,8.0,915.0,484.0,321.3,47.0,48.6,43.0,6.34,350.9,68.2,66.0,5.0,0.29,1.05,-0.6,256.0,,6,pass,CGWB,"compiled 2019-20 (NAQUIM aquifer mapping, publ. 2021); includes earlier studies - no per-sample date published"
233,Bhiwapur,Bhiwapur,20.7664,79.5164,shallow,7.6,944.0,500.0,260.1,59.3,26.7,79.0,8.39,315.2,98.0,76.0,15.0,1.02,2.14,0.0,257.0,,6,pass,CGWB,"compiled 2019-20 (NAQUIM aquifer mapping, publ. 2021); includes earlier studies - no per-sample date published"
234,Ramtek,Kharpada,21.5308,79.3475,shallow,7.5,1345.0,760.0,367.2,83.8,37.7,53.0,9.18,315.2,95.5,82.0,46.0,0.25,1.21,-2.12,257.0,nitrate,6,pass,CGWB,"compiled 2019-20 (NAQUIM aquifer mapping, publ. 2021); includes earlier studies - no per-sample date published"
235,Narkhed,Malapur,21.4322,78.6594,shallow,7.7,767.0,406.0,270.3,42.9,38.9,29.0,1.36,71.4,145.2,40.0,42.0,0.49,0.77,-4.18,257.0,,6,pass,CGWB,"compiled 2019-20 (NAQUIM aquifer mapping, publ. 2021); includes earlier studies - no per-sample date published"
236,Nagpur (R),Gonkhedi,21.1364,78.9008,shallow,7.7,724.0,384.0,214.2,42.9,25.5,55.0,1.58,315.2,28.5,50.0,12.0,1.05,1.64,0.92,257.0,,6,pass,CGWB,"compiled 2019-20 (NAQUIM aquifer mapping, publ. 2021); includes earlier studies - no per-sample date published"
237,Katol,Ridhora,21.2322,78.6206,shallow,7.6,638.0,338.0,198.9,40.9,23.1,33.0,2.15,285.5,21.1,20.0,17.0,0.54,1.02,0.74,257.0,,6,pass,CGWB,"compiled 2019-20 (NAQUIM aquifer mapping, publ. 2021); includes earlier studies - no per-sample date published"
238,Nagpur (R),Nagpur_Wadi naka,21.1522,79.0178,shallow,7.6,912.0,483.0,316.2,47.0,47.4,53.0,2.14,309.3,68.2,56.0,22.0,0.33,1.3,-1.18,257.0,,6,pass,CGWB,"compiled 2019-20 (NAQUIM aquifer mapping, publ. 2021); includes earlier studies - no per-sample date published"
239,Nagpur (R),Nagpur_Chinchb hawan,21.0661,79.0611,shallow,7.5,1542.0,818.0,351.9,83.8,34.0,158.0,11.11,493.6,120.4,87.0,44.0,0.69,3.67,1.1,257.0,,6,pass,CGWB,"compiled 2019-20 (NAQUIM aquifer mapping, publ. 2021); includes earlier studies - no per-sample date published"
240,Nagpur (R),Nagpur_Punapur,21.1608,79.1692,shallow,7.5,990.0,524.0,275.4,63.4,27.9,82.0,11.41,208.2,140.2,78.0,2.0,0.19,2.16,-2.06,257.0,,6,pass,CGWB,"compiled 2019-20 (NAQUIM aquifer mapping, publ. 2021); includes earlier studies - no per-sample date published"
241,Nagpur (R),Nagpur_Koradi naka,21.2086,79.0772,shallow,7.8,1591.0,844.0,346.8,85.9,31.6,165.0,9.83,493.6,189.8,14.0,8.0,0.54,3.86,1.2,257.0,,6,pass,CGWB,"compiled 2019-20 (NAQUIM aquifer mapping, publ. 2021); includes earlier studies - no per-sample date published"
242,Nagpur (R),Nagpur_Police line takli,21.1764,79.0653,shallow,7.6,454.0,240.0,204.0,38.8,25.5,17.0,0.84,107.1,21.1,130.0,2.0,0.81,0.52,-2.29,257.0,,6,pass,CGWB,"compiled 2019-20 (NAQUIM aquifer mapping, publ. 2021); includes earlier studies - no per-sample date published"
243,Kuhi,Kuhi-1,21.015,79.3603,shallow,7.9,780.0,413.0,163.2,18.4,27.9,62.0,2.23,321.2,18.6,19.0,14.0,0.7,2.12,2.05,257.0,,6,pass,CGWB,"compiled 2019-20 (NAQUIM aquifer mapping, publ. 2021); includes earlier studies - no per-sample date published"
244,Mauda,Tarsha,21.2258,79.3811,shallow,7.5,2490.0,1318.0,821.1,177.8,89.9,143.0,58.65,731.5,219.6,178.0,36.0,0.51,2.18,-4.3,257.0,hardness,6,fail,CGWB,"compiled 2019-20 (NAQUIM aquifer mapping, publ. 2021); includes earlier studies - no per-sample date published"
245,Hingna,Mohgaon Zelpi,21.0683,78.8875,shallow,7.5,749.0,397.0,219.3,47.0,24.3,32.0,0.91,249.8,23.6,35.0,41.0,0.68,0.94,-0.26,257.0,,6,pass,CGWB,"compiled 2019-20 (NAQUIM aquifer mapping, publ. 2021); includes earlier studies - no per-sample date published"
246,Saoner,Patansaongi-2,21.3353,79.0167,shallow,8.0,560.0,297.0,209.1,65.4,10.9,34.0,1.59,309.3,13.6,8.0,14.0,0.45,1.02,0.9,257.0,,6,pass,CGWB,"compiled 2019-20 (NAQUIM aquifer mapping, publ. 2021); includes earlier studies - no per-sample date published"
247,Kalmeshwar,Lohgad,21.3422,78.7231,shallow,7.5,908.0,480.0,321.3,47.0,48.6,36.0,2.99,291.4,45.9,42.0,47.0,0.27,0.88,-1.57,257.0,nitrate,6,pass,CGWB,"compiled 2019-20 (NAQUIM aquifer mapping, publ. 2021); includes earlier studies - no per-sample date published"
248,Umred,Singori,20.7453,79.0697,shallow,7.7,557.0,295.0,209.1,42.9,24.3,43.0,1.09,243.8,23.6,29.0,27.0,0.44,1.3,-0.15,257.0,,6,pass,CGWB,"compiled 2019-20 (NAQUIM aquifer mapping, publ. 2021); includes earlier studies - no per-sample date published"
249,Kalmeshwar,Tondakhairi,21.2692,78.9525,shallow,7.7,825.0,436.0,300.9,47.0,43.7,39.0,15.51,380.6,36.0,19.0,37.0,0.74,0.98,0.29,257.0,,6,pass,CGWB,"compiled 2019-20 (NAQUIM aquifer mapping, publ. 2021); includes earlier studies - no per-sample date published"
250,Katol,Metpanjara,21.2658,78.7128,shallow,7.7,1391.0,737.0,469.2,124.7,37.7,39.0,6.32,368.7,112.9,87.0,30.0,0.48,0.78,-3.29,257.0,,6,pass,CGWB,"compiled 2019-20 (NAQUIM aquifer mapping, publ. 2021); includes earlier studies - no per-sample date published"
251,Kalmeshwar,Sillori,21.3022,78.9731,shallow,7.7,2343.0,1241.0,877.2,249.4,60.8,106.0,114.2,921.9,187.4,126.0,46.0,0.24,1.56,-2.36,257.0,nitrate|hardness,6,fail,CGWB,"compiled 2019-20 (NAQUIM aquifer mapping, publ. 2021); includes earlier studies - no per-sample date published"
252,Kalmeshwar,Khapri,21.2353,78.835,shallow,7.8,953.0,505.0,367.2,45.0,60.8,26.0,1.1,368.7,48.4,36.0,45.0,0.75,0.59,-1.2,258.0,,6,pass,CGWB,"compiled 2019-20 (NAQUIM aquifer mapping, publ. 2021); includes earlier studies - no per-sample date published"
253,Kalmeshwar,Linga,21.2028,78.8214,shallow,7.7,1476.0,782.0,418.2,47.0,71.7,63.0,63.78,529.3,85.6,75.0,46.0,0.54,1.35,0.43,258.0,nitrate,6,pass,CGWB,"compiled 2019-20 (NAQUIM aquifer mapping, publ. 2021); includes earlier studies - no per-sample date published"
254,Kalmeshwar,Kohli,21.2522,78.8161,shallow,7.7,908.0,482.0,367.2,65.4,48.6,29.0,1.64,380.6,40.9,42.0,41.0,1.03,0.66,-1.03,258.0,,6,pass,CGWB,"compiled 2019-20 (NAQUIM aquifer mapping, publ. 2021); includes earlier studies - no per-sample date published"
255,Katol,Wasboli,21.2189,78.7022,shallow,7.7,1141.0,569.0,326.4,42.9,52.3,40.0,12.84,386.6,53.4,41.0,44.0,0.62,0.97,-0.11,258.0,,6,pass,CGWB,"compiled 2019-20 (NAQUIM aquifer mapping, publ. 2021); includes earlier studies - no per-sample date published"
256,Kalmeshwar,Ramgiri,21.3019,78.7514,shallow,7.2,522.0,276.0,163.2,45.0,12.2,45.0,1.79,273.6,16.1,14.0,9.0,0.6,1.54,1.24,258.0,,6,pass,CGWB,"compiled 2019-20 (NAQUIM aquifer mapping, publ. 2021); includes earlier studies - no per-sample date published"
257,Nagpur (R),Khairgaon,21.1858,78.9567,shallow,7.3,1333.0,706.0,453.9,92.0,53.5,33.0,1.8,428.2,78.2,66.0,47.0,0.25,0.68,-1.98,258.0,nitrate,6,pass,CGWB,"compiled 2019-20 (NAQUIM aquifer mapping, publ. 2021); includes earlier studies - no per-sample date published"
258,Nagpur (R),Satgaon,20.9297,79.0036,shallow,7.7,1012.0,536.0,214.2,42.9,25.5,72.0,0.77,243.8,83.1,62.0,25.0,1.02,2.15,-0.25,258.0,,6,pass,CGWB,"compiled 2019-20 (NAQUIM aquifer mapping, publ. 2021); includes earlier studies - no per-sample date published"
259,Kalmeshwar,Ashti,21.2019,78.9683,shallow,7.8,782.0,414.0,300.9,65.4,32.8,37.0,1.23,374.7,18.6,26.0,41.0,0.76,0.93,0.17,258.0,,6,pass,CGWB,"compiled 2019-20 (NAQUIM aquifer mapping, publ. 2021); includes earlier studies - no per-sample date published"
260,Narkhed,Mohad,21.4686,78.4458,shallow,7.7,2076.0,1100.0,622.2,139.0,65.6,130.0,3.06,463.9,294.1,68.0,16.0,0.26,2.27,-4.74,258.0,hardness,6,pass,CGWB,"compiled 2019-20 (NAQUIM aquifer mapping, publ. 2021); includes earlier studies - no per-sample date published"
261,Mauda,Mouda-1,21.1472,79.4003,shallow,7.6,2288.0,1212.0,275.4,40.9,41.3,286.0,10.67,624.5,204.7,154.0,46.0,0.5,7.54,4.79,258.0,nitrate,6,fail,CGWB,"compiled 2019-20 (NAQUIM aquifer mapping, publ. 2021); includes earlier studies - no per-sample date published"
262,Hingna,Hingna (Dhangarpura),21.0739,78.9578,shallow,7.6,664.0,352.0,249.9,24.5,45.0,33.0,1.55,321.2,21.1,23.0,23.0,0.32,0.91,0.34,258.0,,6,pass,CGWB,"compiled 2019-20 (NAQUIM aquifer mapping, publ. 2021); includes earlier studies - no per-sample date published"
263,Kuhi,khairi Pannase (dw),21.0977,78.9331,shallow,7.8,1309.0,850.85,205.0,54.1,17.0,9.0,0.2,305.1,212.7,360.225,93.0,0.11,0.27,0.9,258.0,nitrate,6,pass,CGWB,"compiled 2019-20 (NAQUIM aquifer mapping, publ. 2021); includes earlier studies - no per-sample date published"
1,Ramtek,Amgaon,21.3889,79.3483,deep,6.8,203.0,132.0,90.0,20.0,9.7,4.6,3.9,42.7,35.5,19.2,3.1,0.21,0.21,-1.1,259.0,,6,pass,CGWB,"compiled 2019-20 (NAQUIM aquifer mapping, publ. 2021); includes earlier studies - no per-sample date published"
2,Ramtek,Amgaon PYT,21.3889,79.3483,deep,7.0,179.0,116.4,70.0,20.0,4.9,8.7,2.0,36.6,24.8,8.2,1.24,0.15,0.45,-0.8,259.0,,6,pass,CGWB,"compiled 2019-20 (NAQUIM aquifer mapping, publ. 2021); includes earlier studies - no per-sample date published"
3,Ramtek,Wadamba EW Drilling,21.6053,79.3803,deep,7.4,458.0,297.7,160.0,40.0,14.6,29.9,2.0,164.8,46.1,76.8,24.8,0.65,1.03,-0.5,259.0,,6,pass,CGWB,"compiled 2019-20 (NAQUIM aquifer mapping, publ. 2021); includes earlier studies - no per-sample date published"
4,Ramtek,Wadamba EW PYT,21.6053,79.3803,deep,7.3,214.0,139.1,90.0,24.0,7.3,6.9,2.0,42.7,31.9,9.6,9.92,0.77,0.32,-1.1,259.0,,6,pass,CGWB,"compiled 2019-20 (NAQUIM aquifer mapping, publ. 2021); includes earlier studies - no per-sample date published"
5,Ramtek,WadambaO W Driiling,21.6053,79.3803,deep,7.4,465.0,302.3,150.0,40.0,12.2,34.5,3.9,73.2,70.9,24.0,6.82,0.7,1.22,-1.8,259.0,,6,pass,CGWB,"compiled 2019-20 (NAQUIM aquifer mapping, publ. 2021); includes earlier studies - no per-sample date published"
6,Ramtek,Wadamba OW PYT,21.6053,79.3803,deep,7.3,581.0,377.7,160.0,20.0,26.7,57.5,3.9,195.3,49.6,43.2,18.6,0.72,1.98,0.0,259.0,,6,pass,CGWB,"compiled 2019-20 (NAQUIM aquifer mapping, publ. 2021); includes earlier studies - no per-sample date published"
7,Ramtek,Borda EW PYT 1,21.4439,79.2797,deep,7.9,801.0,520.7,275.0,20.0,54.7,50.6,3.9,372.2,21.3,43.2,16.74,1.3,1.33,0.6,259.0,,6,pass,CGWB,"compiled 2019-20 (NAQUIM aquifer mapping, publ. 2021); includes earlier studies - no per-sample date published"
8,Ramtek,Borda EWPYT 2,21.4439,79.2797,deep,8.2,810.0,526.5,250.0,10.0,54.7,69.0,4.7,244.1,53.2,225.6,24.8,1.37,1.9,-1.0,259.0,,6,pass,CGWB,"compiled 2019-20 (NAQUIM aquifer mapping, publ. 2021); includes earlier studies - no per-sample date published"
9,Ramtek,Borda EW Drilling,21.4439,79.2797,deep,7.9,807.0,524.6,275.0,40.0,42.5,59.8,5.1,109.8,24.8,307.2,24.8,1.4,1.57,-3.7,259.0,,6,pass,CGWB,"compiled 2019-20 (NAQUIM aquifer mapping, publ. 2021); includes earlier studies - no per-sample date published"
10,Ramtek,Borda OW PYT,21.4439,79.2797,deep,8.2,638.0,414.7,240.0,30.0,40.1,34.5,3.1,256.3,39.0,192.0,4.96,1.0,0.97,-0.6,259.0,,6,pass,CGWB,"compiled 2019-20 (NAQUIM aquifer mapping, publ. 2021); includes earlier studies - no per-sample date published"
11,Ramtek,Chichala EW Drilling,21.3483,79.3428,deep,8.1,1719.0,1117.4,575.0,22.0,126.4,135.7,4.7,793.3,269.4,19.2,31.0,0.38,2.46,1.5,259.0,,6,pass,CGWB,"compiled 2019-20 (NAQUIM aquifer mapping, publ. 2021); includes earlier studies - no per-sample date published"
12,Ramtek,WadambaD ugwell 1,21.605,79.3811,deep,7.6,812.0,527.8,310.0,96.0,17.0,41.4,3.9,305.1,81.5,14.4,31.0,1.0,1.02,-1.2,259.0,,6,pass,CGWB,"compiled 2019-20 (NAQUIM aquifer mapping, publ. 2021); includes earlier studies - no per-sample date published"
13,Ramtek,Wadamba Dugwell 2,21.6039,79.3814,deep,7.7,792.0,514.8,340.0,66.0,42.5,25.3,2.0,311.2,70.9,19.2,31.0,0.9,0.6,-1.7,259.0,,6,pass,CGWB,"compiled 2019-20 (NAQUIM aquifer mapping, publ. 2021); includes earlier studies - no per-sample date published"
14,Mauda,Tarsha Dugwell 1,21.2286,79.3814,deep,7.6,1751.0,1138.2,475.0,114.0,46.2,202.4,7.8,286.8,407.7,86.4,24.8,0.52,4.04,-4.8,259.0,,6,pass,CGWB,"compiled 2019-20 (NAQUIM aquifer mapping, publ. 2021); includes earlier studies - no per-sample date published"
15,Mauda,Tarsha Dugwell 2,21.2331,79.3786,deep,7.7,1217.0,791.1,275.0,98.0,7.3,149.5,3.9,274.6,124.1,163.2,43.4,0.98,3.92,-1.0,259.0,,6,pass,CGWB,"compiled 2019-20 (NAQUIM aquifer mapping, publ. 2021); includes earlier studies - no per-sample date published"
16,Mauda,Tarsha HandPump,21.2281,79.3811,deep,7.6,2542.0,1652.3,900.0,168.0,116.7,172.5,9.0,335.6,655.8,48.0,42.16,0.45,2.5,-12.5,259.0,hardness,6,fail,CGWB,"compiled 2019-20 (NAQUIM aquifer mapping, publ. 2021); includes earlier studies - no per-sample date published"
17,Parseoni,Nayakund Dugwell 1,21.3653,79.1947,deep,7.8,1232.0,800.8,465.0,100.0,52.3,66.7,5.1,335.6,159.5,76.8,43.4,0.67,1.34,-3.8,259.0,,6,pass,CGWB,"compiled 2019-20 (NAQUIM aquifer mapping, publ. 2021); includes earlier studies - no per-sample date published"
18,Parseoni,Nayakund Dugwell 2,21.3667,79.2011,deep,7.9,690.0,448.5,210.0,30.0,32.8,59.8,3.9,274.6,35.5,57.6,13.02,0.7,1.79,0.3,259.0,,6,pass,CGWB,"compiled 2019-20 (NAQUIM aquifer mapping, publ. 2021); includes earlier studies - no per-sample date published"
19,Parseoni,Nayakund HandPump,21.3694,79.1961,deep,7.4,752.0,488.8,300.0,70.0,30.4,29.9,7.8,305.1,49.6,28.8,31.0,0.8,0.75,-1.0,260.0,,6,pass,CGWB,"compiled 2019-20 (NAQUIM aquifer mapping, publ. 2021); includes earlier studies - no per-sample date published"
20,Kamptee,GumthalaDu gwell 1,21.1375,79.2836,deep,7.6,753.0,489.5,250.0,30.0,42.5,52.9,7.8,280.7,70.9,14.4,38.44,0.42,1.45,-0.4,260.0,,6,pass,CGWB,"compiled 2019-20 (NAQUIM aquifer mapping, publ. 2021); includes earlier studies - no per-sample date published"
21,Kamptee,GumthalaDu gwell 2,21.1406,79.2856,deep,7.6,949.0,616.9,290.0,66.0,30.4,80.5,3.9,439.3,35.5,33.6,31.0,0.44,2.06,1.4,260.0,,6,pass,CGWB,"compiled 2019-20 (NAQUIM aquifer mapping, publ. 2021); includes earlier studies - no per-sample date published"
22,Saoner,Nandagomu khDugwell 1,21.4306,78.7753,deep,7.8,365.0,237.3,125.0,20.0,18.2,25.3,2.0,122.0,35.5,14.4,24.8,0.33,0.98,-0.5,260.0,,6,pass,CGWB,"compiled 2019-20 (NAQUIM aquifer mapping, publ. 2021); includes earlier studies - no per-sample date published"
23,Saoner,Nandagomu khDugwell 2,21.4211,78.77,deep,7.3,1320.0,858.0,500.0,20.0,109.4,71.3,3.9,335.6,212.7,43.2,49.6,0.27,1.39,-4.5,260.0,nitrate,6,pass,CGWB,"compiled 2019-20 (NAQUIM aquifer mapping, publ. 2021); includes earlier studies - no per-sample date published"
24,Saoner,Nandagomu khHandPum p,21.4175,78.7694,deep,7.6,1151.0,748.2,450.0,24.0,94.8,46.0,4.7,305.1,184.3,25.0,24.8,0.4,0.94,-4.0,260.0,,6,pass,CGWB,"compiled 2019-20 (NAQUIM aquifer mapping, publ. 2021); includes earlier studies - no per-sample date published"
25,Bhiwapur,Mandawa,20.7515,79.2587,deep,8.1,458.0,297.7,120.0,38.076,6.1,2.0,0.9,189.2,35.5,190.1,23.0,0.29,0.08,0.7,260.0,,6,pass,CGWB,"compiled 2019-20 (NAQUIM aquifer mapping, publ. 2021); includes earlier studies - no per-sample date published"
26,Hingna,khairi Pannase,21.0977,78.9331,deep,7.5,1162.0,755.3,230.0,56.112,21.9,6.9,0.2,146.4,262.3,460.3,83.0,0.14,0.2,-2.2,260.0,nitrate,6,pass,CGWB,"compiled 2019-20 (NAQUIM aquifer mapping, publ. 2021); includes earlier studies - no per-sample date published"
27,Kuhi,Salwa,21.0497,79.4444,deep,7.7,765.0,497.3,105.0,28.056,8.5,5.0,0.6,366.1,28.4,110.1,11.0,1.3,0.21,3.9,260.0,,6,pass,CGWB,"compiled 2019-20 (NAQUIM aquifer mapping, publ. 2021); includes earlier studies - no per-sample date published"
28,Kuhi,ADAM,20.9977,79.4521,deep,7.3,1935.0,1258.0,264.0,,,,,,224.0,148.0,9.0,0.89,0.0,0.0,260.0,,6,pass,CGWB,"compiled 2019-20 (NAQUIM aquifer mapping, publ. 2021); includes earlier studies - no per-sample date published"
29,Bhiwapur,ADYAL (PU),20.803,79.5158,deep,7.9,723.0,470.0,188.0,,,,,,30.0,32.0,2.0,0.84,0.0,0.0,260.0,,6,pass,CGWB,"compiled 2019-20 (NAQUIM aquifer mapping, publ. 2021); includes earlier studies - no per-sample date published"
30,Mauda,AROLI,21.3228,79.4494,deep,7.16,512.0,333.0,200.0,,,,,,52.0,9.0,12.0,0.52,0.0,0.0,260.0,,6,pass,CGWB,"compiled 2019-20 (NAQUIM aquifer mapping, publ. 2021); includes earlier studies - no per-sample date published"
31,Mauda,AROLI,21.1694,79.0367,deep,7.28,586.0,381.0,236.0,,,,,,54.0,56.0,3.0,0.62,0.0,0.0,260.0,,6,pass,CGWB,"compiled 2019-20 (NAQUIM aquifer mapping, publ. 2021); includes earlier studies - no per-sample date published"
32,Bhiwapur,BESUR,20.6936,79.266,deep,8.4,1678.0,1091.0,244.0,,,,,,216.0,92.0,9.0,2.0,0.0,0.0,260.0,fluoride,6,pass,CGWB,"compiled 2019-20 (NAQUIM aquifer mapping, publ. 2021); includes earlier studies - no per-sample date published"
33,Bhiwapur,BESUR,21.0458,78.725,deep,8.3,3020.0,1963.0,402.0,,,,,,350.0,300.0,15.0,1.0,0.0,0.0,260.0,,6,fail,CGWB,"compiled 2019-20 (NAQUIM aquifer mapping, publ. 2021); includes earlier studies - no per-sample date published"
34,Mauda,CHACHER,21.2831,79.3372,deep,7.52,2160.0,1404.0,359.0,,,,,,308.0,198.0,114.0,0.65,0.0,0.0,260.0,nitrate,6,pass,CGWB,"compiled 2019-20 (NAQUIM aquifer mapping, publ. 2021); includes earlier studies - no per-sample date published"
35,Mauda,CHACHER,21.0861,79.1675,deep,8.19,2265.0,1472.0,460.0,,,,,,264.0,120.0,286.0,1.46,0.0,0.0,260.0,nitrate,6,fail,CGWB,"compiled 2019-20 (NAQUIM aquifer mapping, publ. 2021); includes earlier studies - no per-sample date published"
36,Hingna,KANHOLIBA,21.2394,78.8686,deep,8.4,115.0,753.0,238.0,,,,,,82.0,46.0,6.0,0.03,,0.0,260.0,,6,pass,CGWB,"compiled 2019-20 (NAQUIM aquifer mapping, publ. 2021); includes earlier studies - no per-sample date published"
37,Saoner,KELWAD,21.4633,78.8792,deep,7.42,678.0,441.0,313.0,,,,,,54.0,18.0,16.0,0.91,0.0,0.0,261.0,,6,pass,CGWB,"compiled 2019-20 (NAQUIM aquifer mapping, publ. 2021); includes earlier studies - no per-sample date published"
38,Saoner,KELWAD,20.85,79.325,deep,7.48,803.0,522.0,338.0,,,,,,54.0,22.0,31.0,1.03,0.0,0.0,261.0,,6,pass,CGWB,"compiled 2019-20 (NAQUIM aquifer mapping, publ. 2021); includes earlier studies - no per-sample date published"
39,Nagpur (R),WATHODA,21.2825,78.8389,deep,8.48,1258.0,818.0,372.0,,,,,,112.0,35.0,49.0,0.43,0.0,0.0,261.0,nitrate,6,pass,CGWB,"compiled 2019-20 (NAQUIM aquifer mapping, publ. 2021); includes earlier studies - no per-sample date published"
40,Kuhi,WELTUR,21.1597,79.45,deep,7.9,1243.0,808.0,124.0,,,,,,128.0,92.0,65.0,0.69,0.0,0.0,261.0,nitrate,6,pass,CGWB,"compiled 2019-20 (NAQUIM aquifer mapping, publ. 2021); includes earlier studies - no per-sample date published"
41,Bhiwapur,ZAMKOLI,21.0194,78.9917,deep,8.7,1469.0,955.0,324.0,,,,,,220.0,126.0,170.0,0.85,0.0,0.0,261.0,nitrate,6,fail,CGWB,"compiled 2019-20 (NAQUIM aquifer mapping, publ. 2021); includes earlier studies - no per-sample date published"
42,Nagpur (R),BAHADURA,21.0861,79.1675,deep,8.16,2353.0,1530.0,676.0,,,,,,254.0,75.0,102.0,0.66,0.0,0.0,261.0,nitrate|hardness,6,fail,CGWB,"compiled 2019-20 (NAQUIM aquifer mapping, publ. 2021); includes earlier studies - no per-sample date published"
43,Katol,Ladgaon Ow-I,21.2269,78.5644,deep,7.8,885.0,575.0,410.0,86.0,47.0,41.0,3.3,244.0,89.0,104.0,51.0,0.24,0.88,-4.17,261.0,nitrate,6,pass,CGWB,"compiled 2019-20 (NAQUIM aquifer mapping, publ. 2021); includes earlier studies - no per-sample date published"
44,Katol,Maragsur- EW,21.2073,78.7071,deep,7.9,772.0,502.0,220.0,38.0,30.0,63.0,47.5,79.0,121.0,173.0,48.0,0.2,1.85,-3.07,261.0,nitrate,6,pass,CGWB,"compiled 2019-20 (NAQUIM aquifer mapping, publ. 2021); includes earlier studies - no per-sample date published"
45,Katol,Ladgaon Ew- I,21.2269,78.5644,deep,7.5,621.0,404.0,90.0,26.0,6.0,109.0,1.7,207.0,71.0,62.0,33.0,1.87,5.0,1.6,261.0,fluoride,6,pass,CGWB,"compiled 2019-20 (NAQUIM aquifer mapping, publ. 2021); includes earlier studies - no per-sample date published"
46,Katol,Khangaon Z- I Ow,21.2942,78.5467,deep,7.6,523.0,340.0,220.0,62.0,16.0,44.0,8.4,275.0,43.0,45.0,24.0,0.66,1.29,0.09,261.0,,6,pass,CGWB,"compiled 2019-20 (NAQUIM aquifer mapping, publ. 2021); includes earlier studies - no per-sample date published"
47,Katol,Metpanjra- EW,21.2583,78.7,deep,7.9,979.0,636.0,100.0,34.0,4.0,188.0,0.9,43.0,216.0,203.0,16.0,0.39,8.11,-1.32,261.0,,6,pass,CGWB,"compiled 2019-20 (NAQUIM aquifer mapping, publ. 2021); includes earlier studies - no per-sample date published"
48,Katol,Narkhed PZ,21.3381,78.5381,deep,7.8,697.0,439.1,255.0,32.064,42.5,7.6,0.4,158.6,46.1,78.0,12.0,1.04,0.21,-2.5,261.0,,6,pass,CGWB,"compiled 2019-20 (NAQUIM aquifer mapping, publ. 2021); includes earlier studies - no per-sample date published"
49,Katol,Khangaon Ew,21.2942,78.5467,deep,7.1,1183.0,769.0,235.0,86.0,5.0,192.0,5.5,165.0,163.0,323.0,11.0,0.94,5.44,-2.01,261.0,,6,pass,CGWB,"compiled 2019-20 (NAQUIM aquifer mapping, publ. 2021); includes earlier studies - no per-sample date published"
50,Katol,Dorli-OW,21.2667,78.7833,deep,8.3,1160.0,725.0,70.0,26.0,1.2,235.0,2.0,128.0,170.0,225.0,1.4,,12.22,0.7,261.0,,5,pass,CGWB,"compiled 2019-20 (NAQUIM aquifer mapping, publ. 2021); includes earlier studies - no per-sample date published"
51,Narkhed,Lohari Sawanga- PYT,21.26,78.4044,deep,8.1,700.0,,60.0,12.0,7.3,,,213.5,99.3,,,1.0,0.0,2.3,261.0,,4,pass,CGWB,"compiled 2019-20 (NAQUIM aquifer mapping, publ. 2021); includes earlier studies - no per-sample date published"
52,Narkhed,Sawargaon Ew,21.4008,78.6342,deep,7.5,829.0,539.0,335.0,96.0,23.0,71.0,2.2,207.0,89.0,192.0,51.0,0.17,1.69,-3.3,261.0,nitrate,6,pass,CGWB,"compiled 2019-20 (NAQUIM aquifer mapping, publ. 2021); includes earlier studies - no per-sample date published"
53,Narkhed,Koni Ew,21.4394,78.5822,deep,7.9,772.0,502.0,220.0,38.0,30.0,63.0,47.5,79.0,121.0,173.0,48.0,0.2,1.85,-3.07,261.0,nitrate,6,pass,CGWB,"compiled 2019-20 (NAQUIM aquifer mapping, publ. 2021); includes earlier studies - no per-sample date published"
54,Narkhed,Manikwada Z-III Ew,21.4969,78.4997,deep,8.0,450.0,293.0,155.0,48.0,9.0,46.0,2.1,183.0,32.0,51.0,48.0,0.2,1.6,-0.14,262.0,nitrate,6,pass,CGWB,"compiled 2019-20 (NAQUIM aquifer mapping, publ. 2021); includes earlier studies - no per-sample date published"
55,Narkhed,Manikwada Z-II Ew,21.4969,78.4997,deep,7.8,400.0,260.0,150.0,52.0,5.0,37.0,1.2,153.0,32.0,43.0,47.0,0.17,1.31,-0.5,262.0,nitrate,6,pass,CGWB,"compiled 2019-20 (NAQUIM aquifer mapping, publ. 2021); includes earlier studies - no per-sample date published"
56,Narkhed,Jamgaon Kh.-EW,21.3381,78.4367,deep,7.3,980.0,,365.0,68.0,47.4,,,274.5,67.4,,46.32,0.55,0.0,-2.8,262.0,nitrate,5,pass,CGWB,"compiled 2019-20 (NAQUIM aquifer mapping, publ. 2021); includes earlier studies - no per-sample date published"
57,Narkhed,Manikwada Ew PYT,21.4969,78.4997,deep,8.0,402.0,261.0,180.0,40.0,19.0,25.0,1.0,201.0,25.0,24.0,45.0,0.24,0.81,-0.27,262.0,,6,pass,CGWB,"compiled 2019-20 (NAQUIM aquifer mapping, publ. 2021); includes earlier studies - no per-sample date published"
58,Narkhed,Narkhed- OW,21.4722,78.5292,deep,7.9,1426.0,898.4,470.0,64.128,75.3,17.1,0.1,225.7,212.7,42.0,44.0,0.33,0.34,-5.71,262.0,,6,pass,CGWB,"compiled 2019-20 (NAQUIM aquifer mapping, publ. 2021); includes earlier studies - no per-sample date published"
59,Narkhed,Manikwada Z-I Ew,21.4969,78.4997,deep,8.0,350.0,228.0,130.0,32.0,12.0,36.0,1.7,92.0,32.0,42.0,38.0,0.21,1.38,-1.08,262.0,,6,pass,CGWB,"compiled 2019-20 (NAQUIM aquifer mapping, publ. 2021); includes earlier studies - no per-sample date published"
60,Narkhed,Arambhi-EW,21.2694,78.3486,deep,7.5,700.0,,75.0,20.0,6.1,110.0,25.0,103.7,127.7,55.0,32.0,0.45,5.52,0.2,262.0,,5,pass,CGWB,"compiled 2019-20 (NAQUIM aquifer mapping, publ. 2021); includes earlier studies - no per-sample date published"
61,Narkhed,Arambhi,21.2694,78.3486,deep,8.1,670.0,,90.0,14.0,13.4,,,244.0,81.5,,24.3,1.0,0.0,2.2,262.0,,5,pass,CGWB,"compiled 2019-20 (NAQUIM aquifer mapping, publ. 2021); includes earlier studies - no per-sample date published"
62,Narkhed,Jamgaon Kh.-EW PYT,21.3381,78.4367,deep,8.7,1160.0,,160.0,38.0,15.8,,,170.8,109.9,,20.6,0.55,0.0,0.8,262.0,,5,fail,CGWB,"compiled 2019-20 (NAQUIM aquifer mapping, publ. 2021); includes earlier studies - no per-sample date published"
63,Narkhed,Arambhi,21.2694,78.3486,deep,7.8,640.0,,75.0,10.0,12.2,,,237.9,81.5,,20.0,0.99,0.0,2.4,262.0,,5,pass,CGWB,"compiled 2019-20 (NAQUIM aquifer mapping, publ. 2021); includes earlier studies - no per-sample date published"
64,Narkhed,Khedi Ew,21.4589,78.6444,deep,7.9,979.0,636.0,100.0,34.0,4.0,188.0,0.9,43.0,216.0,203.0,16.0,0.39,8.11,-1.32,262.0,,6,pass,CGWB,"compiled 2019-20 (NAQUIM aquifer mapping, publ. 2021); includes earlier studies - no per-sample date published"
65,Narkhed,Arambhi-EW,21.2694,78.3486,deep,6.85,1830.0,,545.0,106.212,68.1,150.2,32.0,274.5,205.6,374.4,7.8,0.13,2.8,-6.41,262.0,,5,pass,CGWB,"compiled 2019-20 (NAQUIM aquifer mapping, publ. 2021); includes earlier studies - no per-sample date published"
66,Narkhed,Tinkheda- EW PYT,21.4033,78.4903,deep,7.24,961.0,,215.0,46.092,24.3,116.7,2.4,201.3,124.1,122.4,2.55,0.3,3.46,-1.0,262.0,,5,pass,CGWB,"compiled 2019-20 (NAQUIM aquifer mapping, publ. 2021); includes earlier studies - no per-sample date published"
67,Narkhed,Belona-EW PYT,21.4833,78.4864,deep,7.32,630.0,,140.0,38.076,10.9,88.9,0.7,286.7,42.5,36.0,0.75,0.93,3.26,1.9,262.0,,5,pass,CGWB,"compiled 2019-20 (NAQUIM aquifer mapping, publ. 2021); includes earlier studies - no per-sample date published"
68,Narkhed,Wadvihra- EW,21.3472,78.3986,deep,7.5,750.0,0.0,135.0,24.0,9.0,0.0,0.0,140.0,136.0,0.0,0.0,,0.0,0.35,262.0,,5,pass,CGWB,"compiled 2019-20 (NAQUIM aquifer mapping, publ. 2021); includes earlier studies - no per-sample date published"
69,Katol,Sonkhamb,21.2723,78.7225,deep,8.3,857.0,105.0,400.0,26.0,81.0,16.0,0.2,128.0,160.0,147.0,11.0,1.4,0.35,-5.77,262.0,,6,pass,CGWB,"compiled 2019-20 (NAQUIM aquifer mapping, publ. 2021); includes earlier studies - no per-sample date published"
70,Katol,Ramgiri,21.3001,78.7575,deep,8.2,798.0,105.0,325.0,48.0,50.0,6.0,0.2,128.0,89.0,95.0,65.0,0.5,0.14,-4.42,262.0,nitrate,6,pass,CGWB,"compiled 2019-20 (NAQUIM aquifer mapping, publ. 2021); includes earlier studies - no per-sample date published"
71,Katol,Malegaon,21.3078,78.7183,deep,8.0,519.0,140.0,235.0,42.0,32.0,5.0,0.3,171.0,46.0,21.0,42.0,0.46,0.14,-1.93,262.0,,6,pass,CGWB,"compiled 2019-20 (NAQUIM aquifer mapping, publ. 2021); includes earlier studies - no per-sample date published"
72,Kalmeshwar,Kohli,21.2653,78.8094,deep,8.1,852.0,55.0,375.0,16.0,81.0,16.0,0.2,67.0,106.0,189.0,44.0,1.4,0.36,-6.37,262.0,,6,pass,CGWB,"compiled 2019-20 (NAQUIM aquifer mapping, publ. 2021); includes earlier studies - no per-sample date published"
73,Kalmeshwar,Dahegaon,21.2163,78.9456,deep,8.3,540.0,110.0,235.0,30.0,39.0,8.0,0.4,134.0,67.0,33.0,28.0,0.68,0.23,-2.21,262.0,,6,pass,CGWB,"compiled 2019-20 (NAQUIM aquifer mapping, publ. 2021); includes earlier studies - no per-sample date published"
74,Kalmeshwar,Khapri,21.2397,78.8408,deep,8.5,492.0,185.0,225.0,12.0,47.0,9.0,0.3,226.0,25.0,7.0,21.0,1.31,0.26,-0.36,263.0,,6,pass,CGWB,"compiled 2019-20 (NAQUIM aquifer mapping, publ. 2021); includes earlier studies - no per-sample date published"
75,Kalmeshwar,Mohgaon,21.2965,78.8475,deep,8.4,563.0,170.0,275.0,50.0,36.0,3.0,0.3,207.0,57.0,26.0,21.0,0.36,0.08,-1.77,263.0,,6,pass,CGWB,"compiled 2019-20 (NAQUIM aquifer mapping, publ. 2021); includes earlier studies - no per-sample date published"
76,Saoner,Dhapewada,21.3033,78.905,deep,8.1,747.0,205.0,330.0,58.0,45.0,6.0,0.3,250.0,78.0,41.0,32.0,0.53,0.14,-2.5,263.0,,6,pass,CGWB,"compiled 2019-20 (NAQUIM aquifer mapping, publ. 2021); includes earlier studies - no per-sample date published"
77,Mauda,Gowri,21.2686,78.9497,deep,8.3,470.0,95.0,210.0,26.0,35.0,5.0,0.7,116.0,85.0,13.0,1.0,0.36,0.15,-1.98,263.0,,6,pass,CGWB,"compiled 2019-20 (NAQUIM aquifer mapping, publ. 2021); includes earlier studies - no per-sample date published"
78,Kalmeshwar,Khairi lakhmaji,21.2528,78.9517,deep,7.2,2211.0,110.0,960.0,246.0,84.0,10.0,17.9,134.0,557.0,187.0,31.0,0.9,0.14,-17.02,263.0,hardness,6,pass,CGWB,"compiled 2019-20 (NAQUIM aquifer mapping, publ. 2021); includes earlier studies - no per-sample date published"
79,Katol,Raulgaon,21.2376,78.7831,deep,8.2,904.0,120.0,395.0,22.0,83.0,17.0,0.2,146.0,110.0,139.0,46.0,1.23,0.37,-5.54,263.0,nitrate,6,pass,CGWB,"compiled 2019-20 (NAQUIM aquifer mapping, publ. 2021); includes earlier studies - no per-sample date published"
80,Kalmeshwar,Waroda,21.2636,78.9047,deep,8.0,1421.0,250.0,250.0,60.0,120.3,9.8,0.2,305.0,202.0,100.2,39.1,0.41,0.17,-7.9,263.0,,6,pass,CGWB,"compiled 2019-20 (NAQUIM aquifer mapping, publ. 2021); includes earlier studies - no per-sample date published"
81,Nagpur (R),Salai Godhani,21.0093,79.1203,deep,7.56,564.0,,155.0,52.0,6.1,57.5,2.0,213.6,24.8,48.0,25.42,0.67,2.01,0.4,263.0,,5,pass,CGWB,"compiled 2019-20 (NAQUIM aquifer mapping, publ. 2021); includes earlier studies - no per-sample date published"
82,Kuhi,Dhanoli,21.0418,79.2645,deep,7.8,2512.0,,585.0,24.0,127.6,338.1,15.6,61.0,694.8,288.0,14.26,2.2,6.08,-10.7,263.0,fluoride,5,fail,CGWB,"compiled 2019-20 (NAQUIM aquifer mapping, publ. 2021); includes earlier studies - no per-sample date published"
83,Hingna,Sukali Gharapure,20.9829,78.9473,deep,8.2,1698.0,,335.0,46.0,53.5,236.9,3.9,140.3,322.6,259.2,19.84,4.4,5.63,-4.4,263.0,fluoride,5,pass,CGWB,"compiled 2019-20 (NAQUIM aquifer mapping, publ. 2021); includes earlier studies - no per-sample date published"
84,Bhiwapur,Mandwa,20.7515,79.2587,deep,7.47,392.0,,145.0,26.0,19.4,23.0,2.0,73.2,70.9,28.8,3.1,0.43,0.83,-1.7,263.0,,5,pass,CGWB,"compiled 2019-20 (NAQUIM aquifer mapping, publ. 2021); includes earlier studies - no per-sample date published"
