nmc_zone,esr,zone_code,supply_hrs,confidence,r,g,b
ASHI NAGAR,NARI ESR,SZ-10,CHECK:02-04?,manual,0.476,0.284,0.24
ASHI NAGAR,NARI ESR,SZ-7,CHECK:02-04?,manual,0.445,0.37,0.185
ASHI NAGAR,NARI ESR,SZ-11,CHECK:02-04?,manual,0.471,0.285,0.244
ASHI NAGAR,NARI ESR,SZ-6,CHECK:02-04?,manual,0.428,0.369,0.203
ASHI NAGAR,NARI ESR,SZ-1,CHECK:02-04?,manual,0.423,0.365,0.212
ASHI NAGAR,NARI ESR,SZ-18,CHECK:02-04?,manual,0.437,0.37,0.193
ASHI NAGAR,NARI ESR,SZ-17,CHECK:02-04?,manual,0.382,0.369,0.249
ASHI NAGAR,NARI ESR,SZ-14,CHECK:02-04?,manual,0.464,0.37,0.166
ASHI NAGAR,NARI ESR,SZ-2,CHECK:02-04?,manual,0.435,0.364,0.202
ASHI NAGAR,NARI ESR,SZ-15,CHECK:02-04?,manual,0.375,0.371,0.255
ASHI NAGAR,NARI ESR,SZ-19,CHECK:02-04?,manual,0.496,0.28,0.224
ASHI NAGAR,NARI ESR,SZ-9,CHECK:02-04?,manual,0.461,0.375,0.164
ASHI NAGAR,NARI ESR,SZ-5,CHECK:02-04?,manual,0.427,0.366,0.208
ASHI NAGAR,NARI ESR,SZ-13,CHECK:02-04?,manual,0.478,0.284,0.238
ASHI NAGAR,NARI ESR,SZ-8,CHECK:02-04?,manual,0.377,0.373,0.25
ASHI NAGAR,NARI ESR,SZ-12,CHECK:02-04?,manual,0.425,0.366,0.209
ASHI NAGAR,NARI ESR,SZ-20,CHECK:02-04?,manual,0.431,0.371,0.198
ASHI NAGAR,NARI ESR,SZ-3,CHECK:02-04?,manual,0.427,0.366,0.207
ASHI NAGAR,NARI ESR,SZ-16,CHECK:02-04?,manual,0.377,0.371,0.252
ASHI NAGAR,NARI ESR,SZ-4,CHECK:02-04?,manual,0.429,0.363,0.208
ASHI NAGAR,NARI ESR,SZ-21,CHECK:02-04?,manual,0.421,0.367,0.212
ASHI NAGAR,Nara ESR,SZ-20,CHECK:02-04?,manual,0.369,0.372,0.259
ASHI NAGAR,Nara ESR,SZ-18,CHECK:18-24?,manual,0.303,0.36,0.337
ASHI NAGAR,Nara ESR,SZ-19,CHECK:18-24?,manual,0.3,0.361,0.339
ASHI NAGAR,Nara ESR,SZ-15,04-08,auto,0.271,0.339,0.39
ASHI NAGAR,Nara ESR,SZ-10,CHECK:18-24?,manual,0.3,0.358,0.342
ASHI NAGAR,Nara ESR,SZ-9,CHECK:18-24?,manual,0.296,0.363,0.341
ASHI NAGAR,Nara ESR,SZ-8,CHECK:18-24?,manual,0.298,0.363,0.339
ASHI NAGAR,Nara ESR,SZ-22,CHECK:18-24?,manual,0.298,0.362,0.339
ASHI NAGAR,Nara ESR,SZ-21,CHECK:02-04?,manual,0.373,0.377,0.249
ASHI NAGAR,Nara ESR,SZ-1,04-08,auto,0.26,0.344,0.397
ASHI NAGAR,Nara ESR,SZ-7,CHECK:02-04?,manual,0.375,0.373,0.252
ASHI NAGAR,Nara ESR,SZ-6,CHECK:18-24?,manual,0.302,0.362,0.337
ASHI NAGAR,Nara ESR,SZ-3,CHECK:02-04?,manual,0.47,0.382,0.147
ASHI NAGAR,Nara ESR,SZ-4,CHECK:02-04?,manual,0.434,0.371,0.195
ASHI NAGAR,Nara ESR,SZ-14,CHECK:18-24?,manual,0.301,0.36,0.339
ASHI NAGAR,Nara ESR,SZ-2,04-08,auto,0.267,0.341,0.392
ASHI NAGAR,Nara ESR,SZ-12,CHECK:18-24?,manual,0.304,0.359,0.337
ASHI NAGAR,Nara ESR,SZ-5,CHECK:02-04?,manual,0.425,0.368,0.206
ASHI NAGAR,Nara ESR,SZ-16,04-08,auto,0.263,0.343,0.394
ASHI NAGAR,Nara ESR,SZ-13,CHECK:18-24?,manual,0.313,0.359,0.328
ASHI NAGAR,Nara ESR,SZ-17,04-08,auto,0.272,0.339,0.389
ASHI NAGAR,Nara ESR,SZ-11,CHECK:18-24?,manual,0.3,0.363,0.337
ASHI NAGAR,Nara ESR,SZ-23,CHECK:02-04?,manual,0.42,0.363,0.217
DHANTOLI,RESHIMBAGH ESR,SZ-6,CHECK:18-24?,manual,0.368,0.444,0.188
DHANTOLI,RESHIMBAGH ESR,SZ-4,CHECK:02-04?,manual,0.455,0.364,0.182
DHANTOLI,RESHIMBAGH ESR,SZ-14,CHECK:18-24?,manual,0.341,0.434,0.226
DHANTOLI,RESHIMBAGH ESR,SZ-13,CHECK:18-24?,manual,0.339,0.435,0.227
DHANTOLI,RESHIMBAGH ESR,SZ-11,CHECK:18-24?,manual,0.373,0.443,0.184
DHANTOLI,RESHIMBAGH ESR,SZ-7,CHECK:18-24?,manual,0.337,0.437,0.226
DHANTOLI,RESHIMBAGH ESR,SZ-2,CHECK:02-04?,manual,0.456,0.365,0.179
DHANTOLI,RESHIMBAGH ESR,SZ-10,CHECK:02-04?,manual,0.454,0.362,0.184
DHANTOLI,RESHIMBAGH ESR,SZ-1,CHECK:02-04?,manual,0.472,0.36,0.168
DHANTOLI,RESHIMBAGH ESR,SZ-3,04-08,auto,0.271,0.332,0.397
DHANTOLI,RESHIMBAGH ESR,SZ-9,CHECK:18-24?,manual,0.337,0.476,0.187
DHANTOLI,RESHIMBAGH ESR,SZ-8,CHECK:18-24?,manual,0.328,0.464,0.207
DHANTOLI,RESHIMBAGH ESR,SZ-16,CHECK:18-24?,manual,0.323,0.439,0.237
DHANTOLI,RESHIMBAGH ESR,SZ-5,04-08,auto,0.234,0.331,0.435
DHANTOLI,RESHIMBAGH ESR,SZ-12,CHECK:18-24?,manual,0.338,0.456,0.206
DHANTOLI,RESHIMBAGH ESR,SZ-15,CHECK:18-24?,manual,0.336,0.435,0.23
DHANTOLI,Wanjari Nagar New ESR,SZ-10,CHECK:02-04?,manual,0.426,0.364,0.211
DHANTOLI,Wanjari Nagar New ESR,SZ-11,CHECK:02-04?,manual,0.378,0.369,0.253
DHANTOLI,Wanjari Nagar New ESR,SZ-13,CHECK:02-04?,manual,0.404,0.362,0.234
DHANTOLI,Wanjari Nagar New ESR,SZ-4,CHECK:18-24?,manual,0.329,0.424,0.247
DHANTOLI,Wanjari Nagar New ESR,SZ-8,CHECK:18-24?,manual,0.343,0.407,0.25
DHANTOLI,Wanjari Nagar New ESR,SZ-14,CHECK:02-04?,manual,0.42,0.364,0.216
DHANTOLI,Wanjari Nagar New ESR,SZ-2,CHECK:18-24?,manual,0.339,0.411,0.251
DHANTOLI,Wanjari Nagar New ESR,SZ-12,CHECK:02-04?,manual,0.42,0.365,0.216
DHANTOLI,Wanjari Nagar New ESR,SZ-9,CHECK:02-04?,manual,0.422,0.365,0.213
DHANTOLI,Wanjari Nagar New ESR,SZ-5,CHECK:18-24?,manual,0.338,0.414,0.248
DHANTOLI,Wanjari Nagar New ESR,SZ-1,CHECK:18-24?,manual,0.344,0.405,0.251
DHANTOLI,Wanjari Nagar New ESR,SZ-6,CHECK:02-04?,manual,0.42,0.363,0.217
DHANTOLI,Wanjari Nagar New ESR,SZ-3,CHECK:18-24?,manual,0.333,0.411,0.257
DHANTOLI,Wanjari Nagar New ESR,SZ-7,CHECK:18-24?,manual,0.329,0.423,0.249
DHANTOLI,Wanjari Nagar Old ESR,SZ-3,CHECK:18-24?,manual,0.349,0.419,0.232
DHANTOLI,Wanjari Nagar Old ESR,SZ-20,CHECK:02-04?,manual,0.423,0.362,0.216
DHANTOLI,Wanjari Nagar Old ESR,SZ-12,CHECK:18-24?,manual,0.342,0.402,0.256
DHANTOLI,Wanjari Nagar Old ESR,SZ-11,CHECK:02-04?,manual,0.373,0.371,0.257
DHANTOLI,Wanjari Nagar Old ESR,SZ-10,CHECK:02-04?,manual,0.419,0.36,0.221
DHANTOLI,Wanjari Nagar Old ESR,SZ-5,CHECK:18-24?,manual,0.337,0.41,0.253
DHANTOLI,Wanjari Nagar Old ESR,SZ-18,CHECK:02-04?,manual,0.421,0.358,0.221
DHANTOLI,Wanjari Nagar Old ESR,SZ-9,CHECK:02-04?,manual,0.42,0.359,0.221
DHANTOLI,Wanjari Nagar Old ESR,SZ-6,CHECK:02-04?,manual,0.436,0.36,0.204
DHANTOLI,Wanjari Nagar Old ESR,SZ-17,CHECK:02-04?,manual,0.422,0.358,0.22
DHANTOLI,Wanjari Nagar Old ESR,SZ-1,CHECK:18-24?,manual,0.342,0.412,0.245
DHANTOLI,Wanjari Nagar Old ESR,SZ-13,CHECK:18-24?,manual,0.34,0.405,0.256
DHANTOLI,Wanjari Nagar Old ESR,SZ-16,CHECK:02-04?,manual,0.421,0.362,0.217
DHANTOLI,Wanjari Nagar Old ESR,SZ-7,CHECK:02-04?,manual,0.419,0.36,0.221
DHANTOLI,Wanjari Nagar Old ESR,SZ-2,CHECK:02-04?,manual,0.382,0.417,0.201
DHANTOLI,Wanjari Nagar Old ESR,SZ-15,CHECK:02-04?,manual,0.419,0.359,0.222
DHANTOLI,Wanjari Nagar Old ESR,SZ-14,CHECK:02-04?,manual,0.418,0.359,0.223
DHANTOLI,Wanjari Nagar Old ESR,SZ-8,CHECK:02-04?,manual,0.434,0.363,0.202
DHANTOLI,Wanjari Nagar Old ESR,SZ-4,CHECK:02-04?,manual,0.378,0.367,0.255
DHANTOLI,Wanjari Nagar Old ESR,SZ-19,CHECK:02-04?,manual,0.427,0.357,0.216
DHARAMPETH,Dhantoli ESR,SZ-3,CHECK:02-04?,manual,0.369,0.363,0.268
DHARAMPETH,Dhantoli ESR,SZ-2,CHECK:18-24?,manual,0.336,0.387,0.277
DHARAMPETH,Dhantoli ESR,SZ-5,CHECK:18-24?,manual,0.341,0.397,0.262
DHARAMPETH,Dhantoli ESR,SZ-6,CHECK:18-24?,manual,0.349,0.394,0.257
DHARAMPETH,Dhantoli ESR,SZ-8,CHECK:02-04?,manual,0.381,0.358,0.262
DHARAMPETH,Dhantoli ESR,SZ-1,CHECK:18-24?,manual,0.323,0.393,0.284
DHARAMPETH,Dhantoli ESR,SZ-4,CHECK:18-24?,manual,0.355,0.395,0.249
DHARAMPETH,Dharampeth Demo Zone,SZ-51,CHECK:02-04?,manual,0.355,0.361,0.285
DHARAMPETH,Dharampeth Demo Zone,SZ-47,CHECK:02-04?,manual,0.313,0.344,0.344
DHARAMPETH,Dharampeth Demo Zone,SZ-56,CHECK:18-24?,manual,0.332,0.397,0.271
DHARAMPETH,Dharampeth Demo Zone,SZ-57,CHECK:18-24?,manual,0.337,0.391,0.272
DHARAMPETH,Dharampeth Demo Zone,SZ-58,CHECK:02-04?,manual,0.37,0.386,0.243
DHARAMPETH,Dharampeth Demo Zone,SZ-68,CHECK:18-24?,manual,0.338,0.403,0.259
DHARAMPETH,Dharampeth Demo Zone,SZ-50,CHECK:18-24?,manual,0.333,0.396,0.271
DHARAMPETH,Dharampeth Demo Zone,SZ-71,CHECK:02-04?,manual,0.368,0.394,0.238
DHARAMPETH,Dharampeth Demo Zone,SZ-61,CHECK:18-24?,manual,0.343,0.386,0.271
DHARAMPETH,Dharampeth Demo Zone,SZ-63,CHECK:18-24?,manual,0.346,0.39,0.264
DHARAMPETH,Dharampeth Demo Zone,SZ-5,CHECK:02-04?,manual,0.367,0.399,0.233
DHARAMPETH,Dharampeth Demo Zone,SZ-22,CHECK:18-24?,manual,0.336,0.4,0.264
DHARAMPETH,Dharampeth Demo Zone,SZ-15,CHECK:02-04?,manual,0.334,0.35,0.316
DHARAMPETH,Dharampeth Demo Zone,SZ-38,CHECK:18-24?,manual,0.339,0.388,0.272
DHARAMPETH,Dharampeth Demo Zone,SZ-45,CHECK:18-24?,manual,0.338,0.386,0.276
DHARAMPETH,Dharampeth Demo Zone,SZ-48,04-08,auto,0.3,0.346,0.354
DHARAMPETH,Dharampeth Demo Zone,SZ-41,CHECK:02-04?,manual,0.401,0.353,0.246
DHARAMPETH,Dharampeth Demo Zone,SZ-10,CHECK:02-04?,manual,0.326,0.352,0.322
DHARAMPETH,Dharampeth Demo Zone,SZ-65,CHECK:18-24?,manual,0.34,0.39,0.27
DHARAMPETH,Dharampeth Demo Zone,SZ-60,CHECK:18-24?,manual,0.338,0.389,0.273
DHARAMPETH,Dharampeth Demo Zone,SZ-72,CHECK:02-04?,manual,0.349,0.387,0.264
DHARAMPETH,Dharampeth Demo Zone,SZ-69,CHECK:18-24?,manual,0.343,0.389,0.268
DHARAMPETH,Dharampeth Demo Zone,SZ-21,CHECK:18-24?,manual,0.336,0.399,0.266
DHARAMPETH,Dharampeth Demo Zone,SZ-29,CHECK:02-04?,manual,0.423,0.371,0.206
DHARAMPETH,Dharampeth Demo Zone,SZ-36,CHECK:18-24?,manual,0.333,0.391,0.277
DHARAMPETH,Dharampeth Demo Zone,SZ-35,CHECK:18-24?,manual,0.339,0.388,0.273
DHARAMPETH,Dharampeth Demo Zone,SZ-28,CHECK:02-04?,manual,0.351,0.389,0.26
DHARAMPETH,Dharampeth Demo Zone,SZ-59,CHECK:02-04?,manual,0.364,0.362,0.274
DHARAMPETH,Dharampeth Demo Zone,SZ-53,CHECK:18-24?,manual,0.337,0.386,0.277
DHARAMPETH,Dharampeth Demo Zone,SZ-17,CHECK:18-24?,manual,0.341,0.391,0.268
DHARAMPETH,Dharampeth Demo Zone,SZ-19,CHECK:02-04?,manual,0.395,0.369,0.236
DHARAMPETH,Dharampeth Demo Zone,SZ-54,CHECK:18-24?,manual,0.335,0.387,0.279
DHARAMPETH,Dharampeth Demo Zone,SZ-2,CHECK:18-24?,manual,0.364,0.406,0.23
DHARAMPETH,Dharampeth Demo Zone,SZ-24,CHECK:18-24?,manual,0.334,0.396,0.27
DHARAMPETH,Dharampeth Demo Zone,SZ-23,CHECK:18-24?,manual,0.346,0.393,0.261
DHARAMPETH,Dharampeth Demo Zone,SZ-46,CHECK:18-24?,manual,0.335,0.39,0.275
DHARAMPETH,Dharampeth Demo Zone,SZ-12,CHECK:18-24?,manual,0.332,0.453,0.215
DHARAMPETH,Dharampeth Demo Zone,SZ-33,CHECK:18-24?,manual,0.331,0.393,0.276
DHARAMPETH,Dharampeth Demo Zone,SZ-16,CHECK:02-04?,manual,0.368,0.395,0.238
DHARAMPETH,Dharampeth Demo Zone,SZ-25,CHECK:02-04?,manual,0.371,0.39,0.239
DHARAMPETH,Dharampeth Demo Zone,SZ-64,CHECK:18-24?,manual,0.344,0.398,0.258
DHARAMPETH,Dharampeth Demo Zone,SZ-66,CHECK:18-24?,manual,0.344,0.39,0.266
DHARAMPETH,Dharampeth Demo Zone,SZ-62,CHECK:18-24?,manual,0.332,0.398,0.271
DHARAMPETH,Dharampeth Demo Zone,SZ-14,CHECK:18-24?,manual,0.349,0.403,0.248
DHARAMPETH,Dharampeth Demo Zone,SZ-31,CHECK:18-24?,manual,0.338,0.387,0.275
DHARAMPETH,Dharampeth Demo Zone,SZ-18,CHECK:18-24?,manual,0.345,0.395,0.261
DHARAMPETH,Dharampeth Demo Zone,SZ-4,CHECK:18-24?,manual,0.343,0.437,0.22
DHARAMPETH,Dharampeth Demo Zone,SZ-9,CHECK:02-04?,manual,0.34,0.379,0.281
DHARAMPETH,Dharampeth Demo Zone,SZ-8,CHECK:18-24?,manual,0.352,0.402,0.247
DHARAMPETH,Dharampeth Demo Zone,SZ-39,CHECK:18-24?,manual,0.362,0.413,0.225
DHARAMPETH,Dharampeth Demo Zone,SZ-37,CHECK:18-24?,manual,0.336,0.391,0.273
DHARAMPETH,Dharampeth Demo Zone,SZ-70,CHECK:18-24?,manual,0.338,0.393,0.268
DHARAMPETH,Dharampeth Demo Zone,SZ-20,CHECK:02-04?,manual,0.396,0.362,0.243
DHARAMPETH,Dharampeth Demo Zone,SZ-52,04-08,auto,0.294,0.339,0.367
DHARAMPETH,Dharampeth Demo Zone,SZ-30,CHECK:18-24?,manual,0.339,0.389,0.272
DHARAMPETH,Dharampeth Demo Zone,SZ-55,CHECK:18-24?,manual,0.34,0.392,0.269
DHARAMPETH,Dharampeth Demo Zone,SZ-42,CHECK:18-24?,manual,0.341,0.386,0.273
DHARAMPETH,Dharampeth Demo Zone,SZ-1,CHECK:02-04?,manual,0.372,0.399,0.229
DHARAMPETH,Dharampeth Demo Zone,SZ-67,CHECK:02-04?,manual,0.348,0.387,0.265
DHARAMPETH,Dharampeth Demo Zone,SZ-44,CHECK:18-24?,manual,0.342,0.388,0.27
DHARAMPETH,Dharampeth Demo Zone,SZ-26,CHECK:18-24?,manual,0.325,0.37,0.306
DHARAMPETH,Dharampeth Demo Zone,SZ-11,CHECK:02-04?,manual,0.333,0.347,0.32
DHARAMPETH,Dharampeth Demo Zone,SZ-27,CHECK:02-04?,manual,0.339,0.378,0.282
DHARAMPETH,Dharampeth Demo Zone,SZ-3,CHECK:02-04?,manual,0.36,0.391,0.249
DHARAMPETH,Dharampeth Demo Zone,SZ-49,CHECK:18-24?,manual,0.333,0.386,0.281
DHARAMPETH,Dharampeth Demo Zone,SZ-32,CHECK:18-24?,manual,0.342,0.389,0.269
DHARAMPETH,Dharampeth Demo Zone,SZ-6,CHECK:18-24?,manual,0.328,0.457,0.216
DHARAMPETH,Dharampeth Demo Zone,SZ-13,CHECK:18-24?,manual,0.351,0.393,0.256
DHARAMPETH,Dharampeth Demo Zone,SZ-7,CHECK:02-04?,manual,0.374,0.387,0.238
DHARAMPETH,Dharampeth Demo Zone,SZ-40,CHECK:02-04?,manual,0.374,0.362,0.264
DHARAMPETH,Dharampeth Demo Zone,SZ-43,CHECK:18-24?,manual,0.34,0.387,0.273
DHARAMPETH,Dharampeth Demo Zone,SZ-34,CHECK:02-04?,manual,0.357,0.392,0.252
DHARAMPETH,GH-BUILDI ESR,SZ-8,CHECK:18-24?,manual,0.342,0.388,0.269
DHARAMPETH,GH-BUILDI ESR,SZ-4,CHECK:18-24?,manual,0.349,0.393,0.259
DHARAMPETH,GH-BUILDI ESR,SZ-10,CHECK:02-04?,manual,0.361,0.394,0.245
DHARAMPETH,GH-BUILDI ESR,SZ-9,CHECK:18-24?,manual,0.341,0.387,0.272
DHARAMPETH,GH-BUILDI ESR,SZ-5,CHECK:18-24?,manual,0.341,0.383,0.277
DHARAMPETH,GH-BUILDI ESR,SZ-7,CHECK:18-24?,manual,0.342,0.392,0.266
DHARAMPETH,GH-BUILDI ESR,SZ-1,CHECK:18-24?,manual,0.352,0.411,0.237
DHARAMPETH,GH-BUILDI ESR,SZ-3,CHECK:18-24?,manual,0.336,0.387,0.277
DHARAMPETH,GH-BUILDI ESR,SZ-2,CHECK:18-24?,manual,0.35,0.44,0.21
DHARAMPETH,GH-BUILDI ESR,SZ-11,CHECK:02-04?,manual,0.35,0.382,0.268
DHARAMPETH,GH-BUILDI ESR,SZ-6,CHECK:02-04?,manual,0.348,0.387,0.265
DHARAMPETH,GH-BUILDI ESR,SZ-12,CHECK:02-04?,manual,0.355,0.39,0.255
DHARAMPETH,GH-BUILDI ESR,SZ-14,CHECK:02-04?,manual,0.353,0.388,0.259
DHARAMPETH,GH-BUILDI ESR,SZ-13,CHECK:18-24?,manual,0.347,0.389,0.264
DHARAMPETH,Tekdiwadi ESR,SZ-2,CHECK:18-24?,manual,0.345,0.397,0.259
DHARAMPETH,Tekdiwadi ESR,SZ-1,CHECK:02-04?,manual,0.372,0.358,0.27
DHARAMPETH,Tekdiwadi ESR,SZ-3,CHECK:18-24?,manual,0.348,0.395,0.257
DHARAMPETH,Tekdiwadi ESR,SZ-5,CHECK:02-04?,manual,0.376,0.402,0.222
DHARAMPETH,Tekdiwadi ESR,SZ-6,CHECK:18-24?,manual,0.349,0.389,0.262
DHARAMPETH,Tekdiwadi ESR,SZ-4,CHECK:18-24?,manual,0.344,0.398,0.258
DHARAMPETH,Tekdiwadi ESR,SZ-7,CHECK:18-24?,manual,0.349,0.404,0.247
DHARAMPETH,Tekdiwadi ESR,SZ-8,CHECK:02-04?,manual,0.359,0.354,0.287
GANDHIBAGH,Killa Mahal ESR,SZ-3,CHECK:02-04?,manual,0.353,0.39,0.258
GANDHIBAGH,Killa Mahal ESR,SZ-7,CHECK:02-04?,manual,0.349,0.386,0.264
GANDHIBAGH,Killa Mahal ESR,SZ-10,CHECK:02-04?,manual,0.367,0.36,0.273
GANDHIBAGH,Killa Mahal ESR,SZ-16,CHECK:02-04?,manual,0.373,0.351,0.276
GANDHIBAGH,Killa Mahal ESR,SZ-2,CHECK:02-04?,manual,0.367,0.359,0.274
GANDHIBAGH,Killa Mahal ESR,SZ-1,CHECK:02-04?,manual,0.365,0.359,0.276
GANDHIBAGH,Killa Mahal ESR,SZ-14,CHECK:02-04?,manual,0.345,0.382,0.273
GANDHIBAGH,Killa Mahal ESR,SZ-12,CHECK:02-04?,manual,0.371,0.363,0.265
GANDHIBAGH,Killa Mahal ESR,SZ-4,CHECK:02-04?,manual,0.317,0.347,0.335
GANDHIBAGH,Killa Mahal ESR,SZ-11,CHECK:02-04?,manual,0.4,0.353,0.247
GANDHIBAGH,Killa Mahal ESR,SZ-13,CHECK:02-04?,manual,0.402,0.355,0.243
GANDHIBAGH,Killa Mahal ESR,SZ-8,CHECK:02-04?,manual,0.373,0.356,0.271
GANDHIBAGH,Killa Mahal ESR,SZ-9,CHECK:02-04?,manual,0.342,0.382,0.276
GANDHIBAGH,Killa Mahal ESR,SZ-5,CHECK:02-04?,manual,0.353,0.383,0.264
GANDHIBAGH,Killa Mahal ESR,SZ-6,CHECK:02-04?,manual,0.346,0.381,0.273
GANDHIBAGH,Sitaburdi Fort II,SZ-23,04-08,auto,0.275,0.351,0.374
GANDHIBAGH,Sitaburdi Fort II,SZ-9,CHECK:18-24?,manual,0.327,0.45,0.223
GANDHIBAGH,Sitaburdi Fort II,SZ-19,CHECK:02-04?,manual,0.376,0.372,0.252
GANDHIBAGH,Sitaburdi Fort II,SZ-20,CHECK:02-04?,manual,0.398,0.376,0.226
GANDHIBAGH,Sitaburdi Fort II,SZ-25,CHECK:02-04?,manual,0.384,0.374,0.242
GANDHIBAGH,Sitaburdi Fort II,SZ-17,CHECK:02-04?,manual,0.377,0.37,0.254
GANDHIBAGH,Sitaburdi Fort II,SZ-12,CHECK:02-04?,manual,0.375,0.371,0.255
GANDHIBAGH,Sitaburdi Fort II,SZ-14,CHECK:02-04?,manual,0.375,0.375,0.251
GANDHIBAGH,Sitaburdi Fort II,SZ-16,CHECK:02-04?,manual,0.377,0.372,0.251
GANDHIBAGH,Sitaburdi Fort II,SZ-3,04-08,auto,0.261,0.333,0.406
GANDHIBAGH,Sitaburdi Fort II,SZ-5,04-08,auto,0.257,0.333,0.41
GANDHIBAGH,Sitaburdi Fort II,SZ-1,CHECK:18-24?,manual,0.345,0.434,0.221
GANDHIBAGH,Sitaburdi Fort II,SZ-21,CHECK:02-04?,manual,0.376,0.371,0.253
GANDHIBAGH,Sitaburdi Fort II,SZ-24,04-08,auto,0.265,0.335,0.4
GANDHIBAGH,Sitaburdi Fort II,SZ-4,CHECK:02-04?,manual,0.373,0.375,0.253
GANDHIBAGH,Sitaburdi Fort II,SZ-18,CHECK:02-04?,manual,0.379,0.371,0.25
GANDHIBAGH,Sitaburdi Fort II,SZ-6,04-08,auto,0.248,0.335,0.417
GANDHIBAGH,Sitaburdi Fort II,SZ-22,CHECK:18-24?,manual,0.29,0.359,0.351
GANDHIBAGH,Sitaburdi Fort II,SZ-11,CHECK:02-04?,manual,0.369,0.364,0.267
GANDHIBAGH,Sitaburdi Fort II,SZ-25,CHECK:18-24?,manual,0.352,0.426,0.222
GANDHIBAGH,Sitaburdi Fort II,SZ-10,CHECK:02-04?,manual,0.377,0.371,0.252
GANDHIBAGH,Sitaburdi Fort II,SZ-8,04-08,auto,0.262,0.335,0.403
GANDHIBAGH,Sitaburdi Fort II,SZ-13,CHECK:02-04?,manual,0.418,0.362,0.22
GANDHIBAGH,Sitaburdi Fort II,SZ-2,04-08,auto,0.25,0.333,0.417
GANDHIBAGH,Sitaburdi Fort II,SZ-7,CHECK:02-04?,manual,0.367,0.371,0.262
GANDHIBAGH,Sitaburdi Fort II,SZ-15,CHECK:02-04?,manual,0.375,0.371,0.253
GANDHIBAGH,Sitaburdi Fort I,SZ-9,CHECK:02-04?,manual,0.373,0.363,0.263
GANDHIBAGH,Sitaburdi Fort I,SZ-2,CHECK:02-04?,manual,0.37,0.366,0.264
GANDHIBAGH,Sitaburdi Fort I,SZ-4,CHECK:02-04?,manual,0.363,0.366,0.271
GANDHIBAGH,Sitaburdi Fort I,SZ-17,CHECK:02-04?,manual,0.436,0.36,0.204
GANDHIBAGH,Sitaburdi Fort I,SZ-16,CHECK:02-04?,manual,0.373,0.362,0.264
GANDHIBAGH,Sitaburdi Fort I,SZ-6,CHECK:02-04?,manual,0.375,0.364,0.26
GANDHIBAGH,Sitaburdi Fort I,SZ-3,CHECK:02-04?,manual,0.374,0.367,0.259
GANDHIBAGH,Sitaburdi Fort I,SZ-10,CHECK:02-04?,manual,0.376,0.367,0.258
GANDHIBAGH,Sitaburdi Fort I,SZ-13,CHECK:02-04?,manual,0.376,0.365,0.259
GANDHIBAGH,Sitaburdi Fort I,SZ-14,CHECK:18-24?,manual,0.339,0.408,0.253
GANDHIBAGH,Sitaburdi Fort I,SZ-11,CHECK:02-04?,manual,0.378,0.367,0.255
GANDHIBAGH,Sitaburdi Fort I,SZ-8,CHECK:02-04?,manual,0.392,0.37,0.239
GANDHIBAGH,Sitaburdi Fort I,SZ-7,CHECK:02-04?,manual,0.376,0.365,0.259
GANDHIBAGH,Sitaburdi Fort I,SZ-1,CHECK:02-04?,manual,0.373,0.368,0.259
GANDHIBAGH,Sitaburdi Fort I,SZ-12,CHECK:02-04?,manual,0.38,0.365,0.255
GANDHIBAGH,Sitaburdi Fort I,SZ-15,04-08,auto,0.275,0.334,0.391
GANDHIBAGH,Sitaburdi Fort I,SZ-5,CHECK:02-04?,manual,0.375,0.366,0.259
HANUMAN NAGAR,Chichbhuvan ESR,SZ-13,CHECK:02-04?,manual,0.372,0.399,0.229
HANUMAN NAGAR,Chichbhuvan ESR,SZ-14,CHECK:18-24?,manual,0.344,0.393,0.263
HANUMAN NAGAR,Chichbhuvan ESR,SZ-6,CHECK:18-24?,manual,0.362,0.415,0.223
HANUMAN NAGAR,Chichbhuvan ESR,SZ-5,CHECK:18-24?,manual,0.35,0.398,0.253
HANUMAN NAGAR,Chichbhuvan ESR,SZ-10,CHECK:18-24?,manual,0.348,0.394,0.259
HANUMAN NAGAR,Chichbhuvan ESR,SZ-22,CHECK:18-24?,manual,0.343,0.39,0.268
HANUMAN NAGAR,Chichbhuvan ESR,SZ-19,CHECK:18-24?,manual,0.349,0.39,0.261
HANUMAN NAGAR,Chichbhuvan ESR,SZ-16,CHECK:18-24?,manual,0.344,0.39,0.265
HANUMAN NAGAR,Chichbhuvan ESR,SZ-20,CHECK:18-24?,manual,0.345,0.392,0.263
HANUMAN NAGAR,Chichbhuvan ESR,SZ-2,CHECK:18-24?,manual,0.341,0.4,0.259
HANUMAN NAGAR,Chichbhuvan ESR,SZ-18,CHECK:18-24?,manual,0.343,0.392,0.265
HANUMAN NAGAR,Chichbhuvan ESR,SZ-8,CHECK:18-24?,manual,0.337,0.398,0.265
HANUMAN NAGAR,Chichbhuvan ESR,SZ-1,CHECK:18-24?,manual,0.356,0.406,0.239
HANUMAN NAGAR,Chichbhuvan ESR,SZ-4,CHECK:02-04?,manual,0.372,0.391,0.236
HANUMAN NAGAR,Chichbhuvan ESR,SZ-17,CHECK:18-24?,manual,0.346,0.393,0.261
HANUMAN NAGAR,Chichbhuvan ESR,SZ-23,CHECK:18-24?,manual,0.351,0.42,0.229
HANUMAN NAGAR,Chichbhuvan ESR,SZ-7,CHECK:18-24?,manual,0.348,0.401,0.252
HANUMAN NAGAR,Chichbhuvan ESR,SZ-15,CHECK:18-24?,manual,0.344,0.398,0.258
HANUMAN NAGAR,Chichbhuvan ESR,SZ-21,CHECK:18-24?,manual,0.343,0.391,0.267
HANUMAN NAGAR,Chichbhuvan ESR,SZ-11,CHECK:18-24?,manual,0.343,0.394,0.263
HANUMAN NAGAR,Chichbhuvan ESR,SZ-12,CHECK:18-24?,manual,0.352,0.398,0.25
HANUMAN NAGAR,Chichbhuvan ESR,SZ-9,CHECK:18-24?,manual,0.353,0.399,0.248
HANUMAN NAGAR,Chichbhuvan ESR,SZ-3,CHECK:18-24?,manual,0.335,0.408,0.257
HANUMAN NAGAR,Chichbhuvan NIT ESR,SZ-5,CHECK:18-24?,manual,0.35,0.419,0.231
HANUMAN NAGAR,Chichbhuvan NIT ESR,SZ-8,CHECK:18-24?,manual,0.339,0.404,0.256
HANUMAN NAGAR,Chichbhuvan NIT ESR,SZ-2,CHECK:18-24?,manual,0.332,0.409,0.259
HANUMAN NAGAR,Chichbhuvan NIT ESR,SZ-6,CHECK:18-24?,manual,0.359,0.436,0.205
HANUMAN NAGAR,Chichbhuvan NIT ESR,SZ-1,CHECK:18-24?,manual,0.346,0.426,0.228
HANUMAN NAGAR,Chichbhuvan NIT ESR,SZ-7,CHECK:18-24?,manual,0.353,0.412,0.235
HANUMAN NAGAR,Chichbhuvan NIT ESR,SZ-4,CHECK:18-24?,manual,0.328,0.42,0.253
HANUMAN NAGAR,Chichbhuvan NIT ESR,SZ-4,CHECK:18-24?,manual,0.328,0.411,0.26
HANUMAN NAGAR,Nalanda Nagar ESR,SZ-11,CHECK:18-24?,manual,0.342,0.383,0.275
HANUMAN NAGAR,Nalanda Nagar ESR,SZ-4,CHECK:02-04?,manual,0.352,0.384,0.264
HANUMAN NAGAR,Nalanda Nagar ESR,SZ-3,CHECK:02-04?,manual,0.347,0.384,0.269
HANUMAN NAGAR,Nalanda Nagar ESR,SZ-1,CHECK:02-04?,manual,0.375,0.36,0.265
HANUMAN NAGAR,Nalanda Nagar ESR,SZ-6,CHECK:02-04?,manual,0.35,0.386,0.264
HANUMAN NAGAR,Nalanda Nagar ESR,SZ-9,CHECK:18-24?,manual,0.341,0.387,0.272
HANUMAN NAGAR,Nalanda Nagar ESR,SZ-2,CHECK:02-04?,manual,0.375,0.359,0.266
HANUMAN NAGAR,Nalanda Nagar ESR,SZ-7,CHECK:02-04?,manual,0.35,0.381,0.269
HANUMAN NAGAR,Nalanda Nagar ESR,SZ-10,CHECK:02-04?,manual,0.351,0.384,0.265
HANUMAN NAGAR,Nalanda Nagar ESR,SZ-12,CHECK:02-04?,manual,0.354,0.383,0.263
HANUMAN NAGAR,Nalanda Nagar ESR,SZ-13,CHECK:02-04?,manual,0.347,0.382,0.271
HANUMAN NAGAR,Nalanda Nagar ESR,SZ-5,CHECK:02-04?,manual,0.346,0.386,0.268
HANUMAN NAGAR,Nalanda Nagar ESR,SZ-8,CHECK:02-04?,manual,0.37,0.391,0.24
HANUMAN NAGAR,OmkarNagar ESR,SZ-1,CHECK:02-04?,manual,0.404,0.36,0.236
HANUMAN NAGAR,OmkarNagar ESR,SZ-19,CHECK:18-24?,manual,0.34,0.387,0.273
HANUMAN NAGAR,OmkarNagar ESR,SZ-18,CHECK:02-04?,manual,0.322,0.353,0.325
HANUMAN NAGAR,OmkarNagar ESR,SZ-12,CHECK:18-24?,manual,0.343,0.389,0.267
HANUMAN NAGAR,OmkarNagar ESR,SZ-9,CHECK:18-24?,manual,0.359,0.405,0.236
HANUMAN NAGAR,OmkarNagar ESR,SZ-6,CHECK:18-24?,manual,0.343,0.392,0.265
HANUMAN NAGAR,OmkarNagar ESR,SZ-7,CHECK:02-04?,manual,0.358,0.384,0.258
HANUMAN NAGAR,OmkarNagar ESR,SZ-10,CHECK:18-24?,manual,0.342,0.392,0.266
HANUMAN NAGAR,OmkarNagar ESR,SZ-20,CHECK:18-24?,manual,0.342,0.387,0.271
HANUMAN NAGAR,OmkarNagar ESR,SZ-2,CHECK:18-24?,manual,0.35,0.393,0.257
HANUMAN NAGAR,OmkarNagar ESR,SZ-11,CHECK:18-24?,manual,0.345,0.388,0.266
HANUMAN NAGAR,OmkarNagar ESR,SZ-17,CHECK:18-24?,manual,0.346,0.386,0.268
HANUMAN NAGAR,OmkarNagar ESR,SZ-5,CHECK:02-04?,manual,0.349,0.387,0.264
HANUMAN NAGAR,OmkarNagar ESR,SZ-8,CHECK:02-04?,manual,0.392,0.359,0.249
HANUMAN NAGAR,OmkarNagar ESR,SZ-1,CHECK:18-24?,manual,0.343,0.389,0.268
HANUMAN NAGAR,OmkarNagar ESR,SZ-1,CHECK:18-24?,manual,0.342,0.388,0.269
HANUMAN NAGAR,OmkarNagar ESR,SZ-21,CHECK:18-24?,manual,0.349,0.393,0.259
HANUMAN NAGAR,OmkarNagar ESR,SZ-16,CHECK:02-04?,manual,0.349,0.383,0.268
HANUMAN NAGAR,OmkarNagar ESR,SZ-15,CHECK:18-24?,manual,0.331,0.374,0.294
HANUMAN NAGAR,OmkarNagar ESR,SZ-4,CHECK:18-24?,manual,0.347,0.395,0.258
HANUMAN NAGAR,OmkarNagar ESR,SZ-3,CHECK:18-24?,manual,0.342,0.39,0.268
HANUMAN NAGAR,OmkarNagar ESR,SZ-14,CHECK:18-24?,manual,0.339,0.393,0.268
HANUMAN NAGAR,Omkar Nagar ESR-1,SZ-14,CHECK:18-24?,manual,0.346,0.392,0.263
HANUMAN NAGAR,Omkar Nagar ESR-1,SZ-13,CHECK:02-04?,manual,0.357,0.393,0.251
HANUMAN NAGAR,Omkar Nagar ESR-1,SZ-11,CHECK:18-24?,manual,0.346,0.391,0.263
HANUMAN NAGAR,Omkar Nagar ESR-1,SZ-12,CHECK:18-24?,manual,0.346,0.387,0.267
HANUMAN NAGAR,Omkar Nagar ESR-1,SZ-10,CHECK:18-24?,manual,0.344,0.386,0.269
HANUMAN NAGAR,Omkar Nagar ESR-1,SZ-8,CHECK:18-24?,manual,0.34,0.392,0.268
HANUMAN NAGAR,Omkar Nagar ESR-1,SZ-7,CHECK:18-24?,manual,0.334,0.393,0.273
HANUMAN NAGAR,Omkar Nagar ESR-1,SZ-6,CHECK:18-24?,manual,0.341,0.384,0.275
HANUMAN NAGAR,Omkar Nagar ESR-1,SZ-5,CHECK:18-24?,manual,0.339,0.39,0.27
HANUMAN NAGAR,Omkar Nagar ESR-1,SZ-4,CHECK:18-24?,manual,0.344,0.398,0.258
HANUMAN NAGAR,Omkar Nagar ESR-1,SZ-3,CHECK:18-24?,manual,0.34,0.396,0.265
HANUMAN NAGAR,Omkar Nagar ESR-1,SZ-2,CHECK:18-24?,manual,0.342,0.402,0.256
HANUMAN NAGAR,Omkar Nagar ESR-1,SZ-1,CHECK:18-24?,manual,0.376,0.418,0.206
HANUMAN NAGAR,Omkar Nagar ESR-1,SZ-9,CHECK:02-04?,manual,0.379,0.415,0.206
HANUMAN NAGAR,ShriNagar ESR,SZ-8,CHECK:18-24?,manual,0.334,0.433,0.232
HANUMAN NAGAR,ShriNagar ESR,SZ-7,CHECK:18-24?,manual,0.337,0.43,0.233
HANUMAN NAGAR,ShriNagar ESR,SZ-21,CHECK:18-24?,manual,0.328,0.44,0.233
HANUMAN NAGAR,ShriNagar ESR,SZ-20,CHECK:18-24?,manual,0.329,0.444,0.227
HANUMAN NAGAR,ShriNagar ESR,SZ-16,CHECK:18-24?,manual,0.33,0.437,0.233
HANUMAN NAGAR,ShriNagar ESR,SZ-12,CHECK:18-24?,manual,0.355,0.439,0.206
HANUMAN NAGAR,ShriNagar ESR,SZ-5,CHECK:18-24?,manual,0.332,0.44,0.229
HANUMAN NAGAR,ShriNagar ESR,SZ-15,CHECK:18-24?,manual,0.327,0.442,0.23
HANUMAN NAGAR,ShriNagar ESR,SZ-14,CHECK:18-24?,manual,0.329,0.445,0.226
HANUMAN NAGAR,ShriNagar ESR,SZ-2,CHECK:18-24?,manual,0.337,0.44,0.223
HANUMAN NAGAR,ShriNagar ESR,SZ-11,CHECK:18-24?,manual,0.331,0.438,0.231
HANUMAN NAGAR,ShriNagar ESR,SZ-19,CHECK:18-24?,manual,0.309,0.443,0.248
HANUMAN NAGAR,ShriNagar ESR,SZ-1,CHECK:18-24?,manual,0.332,0.435,0.233
HANUMAN NAGAR,ShriNagar ESR,SZ-3,CHECK:18-24?,manual,0.333,0.441,0.226
HANUMAN NAGAR,ShriNagar ESR,SZ-13,CHECK:18-24?,manual,0.335,0.437,0.228
HANUMAN NAGAR,ShriNagar ESR,SZ-9,CHECK:18-24?,manual,0.339,0.447,0.214
HANUMAN NAGAR,ShriNagar ESR,SZ-4,CHECK:18-24?,manual,0.332,0.435,0.233
HANUMAN NAGAR,ShriNagar ESR,SZ-17,CHECK:18-24?,manual,0.327,0.445,0.228
HANUMAN NAGAR,ShriNagar ESR,SZ-6,CHECK:18-24?,manual,0.328,0.438,0.234
HANUMAN NAGAR,ShriNagar ESR,SZ-18,CHECK:18-24?,manual,0.329,0.439,0.232
HANUMAN NAGAR,ShriNagar ESR,SZ-10,CHECK:18-24?,manual,0.33,0.445,0.225
LAKADGANJ,Bharatwadi ESR,SZ-7,CHECK:02-04?,manual,0.352,0.39,0.257
LAKADGANJ,Bharatwadi ESR,SZ-6,CHECK:18-24?,manual,0.352,0.398,0.25
LAKADGANJ,Bharatwadi ESR,SZ-1,CHECK:02-04?,manual,0.355,0.338,0.308
LAKADGANJ,Bharatwadi ESR,SZ-15,CHECK:18-24?,manual,0.347,0.39,0.264
LAKADGANJ,Bharatwadi ESR,SZ-3,CHECK:18-24?,manual,0.344,0.395,0.261
LAKADGANJ,Bharatwadi ESR,SZ-2,CHECK:02-04?,manual,0.381,0.392,0.227
LAKADGANJ,Bharatwadi ESR,SZ-13,CHECK:02-04?,manual,0.353,0.387,0.26
LAKADGANJ,Bharatwadi ESR,SZ-17,CHECK:02-04?,manual,0.38,0.362,0.258
LAKADGANJ,Bharatwadi ESR,SZ-16,CHECK:02-04?,manual,0.378,0.39,0.232
LAKADGANJ,Bharatwadi ESR,SZ-9,CHECK:18-24?,manual,0.365,0.409,0.226
LAKADGANJ,Bharatwadi ESR,SZ-4,CHECK:02-04?,manual,0.348,0.383,0.269
LAKADGANJ,Bharatwadi ESR,SZ-10,CHECK:18-24?,manual,0.339,0.399,0.262
LAKADGANJ,Bharatwadi ESR,SZ-8,CHECK:18-24?,manual,0.34,0.395,0.266
LAKADGANJ,Bharatwadi ESR,SZ-1,CHECK:18-24?,manual,0.347,0.39,0.263
LAKADGANJ,Bharatwadi ESR,SZ-5,CHECK:18-24?,manual,0.336,0.39,0.274
LAKADGANJ,Bharatwadi ESR,SZ-12,CHECK:02-04?,manual,0.407,0.358,0.236
LAKADGANJ,Bharatwadi ESR,SZ-14,CHECK:18-24?,manual,0.348,0.395,0.257
LAKADGANJ,Bharatwadi ESR,SZ-17,CHECK:02-04?,manual,0.367,0.362,0.272
LAKADGANJ,Kalamana Minimata ESR,SZ-1,CHECK:18-24?,manual,0.335,0.432,0.233
LAKADGANJ,Kalamana Minimata ESR,SZ-14,CHECK:18-24?,manual,0.327,0.463,0.21
LAKADGANJ,Kalamana Minimata ESR,SZ-10,CHECK:02-04?,manual,0.378,0.373,0.249
LAKADGANJ,Kalamana Minimata ESR,SZ-15,CHECK:18-24?,manual,0.346,0.465,0.189
LAKADGANJ,Kalamana Minimata ESR,SZ-8,CHECK:02-04?,manual,0.384,0.375,0.24
LAKADGANJ,Kalamana Minimata ESR,SZ-13,CHECK:02-04?,manual,0.378,0.374,0.248
LAKADGANJ,Kalamana Minimata ESR,SZ-12,CHECK:02-04?,manual,0.375,0.376,0.248
LAKADGANJ,Kalamana Minimata ESR,SZ-7,CHECK:02-04?,manual,0.379,0.373,0.248
LAKADGANJ,Kalamana Minimata ESR,SZ-2,CHECK:18-24?,manual,0.341,0.431,0.229
LAKADGANJ,Kalamana Minimata ESR,SZ-3,CHECK:18-24?,manual,0.339,0.433,0.228
LAKADGANJ,Kalamana Minimata ESR,SZ-5,CHECK:02-04?,manual,0.391,0.367,0.242
LAKADGANJ,Kalamana Minimata ESR,SZ-4,CHECK:18-24?,manual,0.366,0.459,0.176
LAKADGANJ,Kalamana Minimata ESR,SZ-11,CHECK:02-04?,manual,0.381,0.374,0.245
LAKADGANJ,Kalamana Minimata ESR,SZ-9,CHECK:02-04?,manual,0.382,0.372,0.246
LAKADGANJ,Kalamana Minimata ESR,SZ-6,CHECK:02-04?,manual,0.381,0.371,0.248
LAKADGANJ,Kalamana Minimata ESR,SZ-17,CHECK:02-04?,manual,0.39,0.372,0.238
LAKADGANJ,Kalamana Minimata ESR,SZ-16,CHECK:18-24?,manual,0.341,0.426,0.232
LAKADGANJ,PARDI ESR II,SZ-24,CHECK:02-04?,manual,0.394,0.354,0.252
LAKADGANJ,PARDI ESR II,SZ-6,CHECK:02-04?,manual,0.37,0.364,0.265
LAKADGANJ,PARDI ESR II,SZ-21,CHECK:02-04?,manual,0.406,0.367,0.227
LAKADGANJ,PARDI ESR II,SZ-16,CHECK:02-04?,manual,0.408,0.363,0.23
LAKADGANJ,PARDI ESR II,SZ-14,CHECK:02-04?,manual,0.371,0.367,0.261
LAKADGANJ,PARDI ESR II,SZ-11,CHECK:18-24?,manual,0.353,0.406,0.242
LAKADGANJ,PARDI ESR II,SZ-3,CHECK:18-24?,manual,0.336,0.424,0.24
LAKADGANJ,PARDI ESR II,SZ-2,CHECK:02-04?,manual,0.365,0.381,0.255
LAKADGANJ,PARDI ESR II,SZ-13,CHECK:18-24?,manual,0.335,0.422,0.242
LAKADGANJ,PARDI ESR II,SZ-8,CHECK:02-04?,manual,0.364,0.382,0.253
LAKADGANJ,PARDI ESR II,SZ-17,CHECK:02-04?,manual,0.408,0.367,0.225
LAKADGANJ,PARDI ESR II,SZ-23,CHECK:02-04?,manual,0.409,0.365,0.226
LAKADGANJ,PARDI ESR II,SZ-5,CHECK:02-04?,manual,0.364,0.383,0.254
LAKADGANJ,PARDI ESR II,SZ-20,CHECK:02-04?,manual,0.406,0.368,0.226
LAKADGANJ,PARDI ESR II,SZ-10,CHECK:18-24?,manual,0.327,0.424,0.249
LAKADGANJ,PARDI ESR II,SZ-1,CHECK:02-04?,manual,0.372,0.365,0.263
LAKADGANJ,PARDI ESR II,SZ-12,CHECK:02-04?,manual,0.37,0.404,0.227
LAKADGANJ,PARDI ESR II,SZ-18,CHECK:02-04?,manual,0.411,0.365,0.224
LAKADGANJ,PARDI ESR II,SZ-4,CHECK:18-24?,manual,0.335,0.422,0.243
LAKADGANJ,PARDI ESR II,SZ-9,CHECK:02-04?,manual,0.371,0.366,0.263
LAKADGANJ,PARDI ESR II,SZ-7,CHECK:02-04?,manual,0.369,0.367,0.263
LAKADGANJ,PARDI ESR II,SZ-15,CHECK:02-04?,manual,0.372,0.368,0.26
LAKADGANJ,PARDI ESR II,SZ-22,CHECK:02-04?,manual,0.407,0.371,0.222
LAKADGANJ,PARDI ESR II,SZ-19,CHECK:02-04?,manual,0.421,0.366,0.213
LAKADGANJ,PARDI ESR I,SZ-15,CHECK:18-24?,manual,0.34,0.39,0.27
LAKADGANJ,PARDI ESR I,SZ-14,CHECK:18-24?,manual,0.343,0.389,0.269
LAKADGANJ,PARDI ESR I,SZ-13,CHECK:18-24?,manual,0.336,0.39,0.274
LAKADGANJ,PARDI ESR I,SZ-9,CHECK:02-04?,manual,0.398,0.358,0.244
LAKADGANJ,PARDI ESR I,SZ-3,CHECK:02-04?,manual,0.452,0.301,0.246
LAKADGANJ,PARDI ESR I,SZ-12,CHECK:18-24?,manual,0.344,0.387,0.269
LAKADGANJ,PARDI ESR I,SZ-1,CHECK:02-04?,manual,0.436,0.307,0.256
LAKADGANJ,PARDI ESR I,SZ-18,04-08,auto,0.302,0.342,0.355
LAKADGANJ,PARDI ESR I,SZ-10,CHECK:18-24?,manual,0.345,0.387,0.268
LAKADGANJ,PARDI ESR I,SZ-11,CHECK:18-24?,manual,0.339,0.387,0.274
LAKADGANJ,PARDI ESR I,SZ-2,CHECK:02-04?,manual,0.431,0.308,0.261
LAKADGANJ,PARDI ESR I,SZ-17,04-08,auto,0.292,0.343,0.365
LAKADGANJ,PARDI ESR I,SZ-8,CHECK:02-04?,manual,0.401,0.359,0.24
LAKADGANJ,PARDI ESR I,SZ-6,CHECK:02-04?,manual,0.423,0.309,0.268
LAKADGANJ,PARDI ESR I,SZ-7,CHECK:02-04?,manual,0.394,0.359,0.247
LAKADGANJ,PARDI ESR I,SZ-16,04-08,auto,0.299,0.343,0.358
LAKADGANJ,PARDI ESR I,SZ-5,CHECK:02-04?,manual,0.398,0.356,0.245
LAKADGANJ,PARDI ESR I,SZ-4,CHECK:02-04?,manual,0.394,0.358,0.248
LAKADGANJ,SUBHAN NAGAR ESR,SZ-20,CHECK:18-24?,manual,0.342,0.401,0.257
LAKADGANJ,SUBHAN NAGAR ESR,SZ-34,CHECK:02-04?,manual,0.411,0.365,0.224
LAKADGANJ,SUBHAN NAGAR ESR,SZ-42,CHECK:02-04?,manual,0.336,0.365,0.299
LAKADGANJ,SUBHAN NAGAR ESR,SZ-41,CHECK:02-04?,manual,0.364,0.362,0.274
LAKADGANJ,SUBHAN NAGAR ESR,SZ-44,CHECK:02-04?,manual,0.372,0.361,0.266
LAKADGANJ,SUBHAN NAGAR ESR,SZ-29,CHECK:02-04?,manual,0.361,0.356,0.283
LAKADGANJ,SUBHAN NAGAR ESR,SZ-24,CHECK:18-24?,manual,0.359,0.431,0.211
LAKADGANJ,SUBHAN NAGAR ESR,SZ-28,CHECK:02-04?,manual,0.345,0.355,0.3
LAKADGANJ,SUBHAN NAGAR ESR,SZ-2,CHECK:02-04?,manual,0.408,0.362,0.23
LAKADGANJ,SUBHAN NAGAR ESR,SZ-16,CHECK:18-24?,manual,0.335,0.406,0.259
LAKADGANJ,SUBHAN NAGAR ESR,SZ-14,CHECK:18-24?,manual,0.339,0.403,0.259
LAKADGANJ,SUBHAN NAGAR ESR,SZ-11,CHECK:18-24?,manual,0.342,0.403,0.255
LAKADGANJ,SUBHAN NAGAR ESR,SZ-8,CHECK:02-04?,manual,0.388,0.378,0.234
LAKADGANJ,SUBHAN NAGAR ESR,SZ-19,CHECK:18-24?,manual,0.347,0.403,0.249
LAKADGANJ,SUBHAN NAGAR ESR,SZ-18,CHECK:02-04?,manual,0.42,0.362,0.218
LAKADGANJ,SUBHAN NAGAR ESR,SZ-5,CHECK:18-24?,manual,0.338,0.407,0.254
LAKADGANJ,SUBHAN NAGAR ESR,SZ-30,CHECK:02-04?,manual,0.376,0.367,0.257
LAKADGANJ,SUBHAN NAGAR ESR,SZ-36,CHECK:02-04?,manual,0.341,0.358,0.302
LAKADGANJ,SUBHAN NAGAR ESR,SZ-25,CHECK:18-24?,manual,0.334,0.41,0.256
LAKADGANJ,SUBHAN NAGAR ESR,SZ-33,CHECK:18-24?,manual,0.341,0.415,0.245
LAKADGANJ,SUBHAN NAGAR ESR,SZ-9,CHECK:02-04?,manual,0.412,0.361,0.227
LAKADGANJ,SUBHAN NAGAR ESR,SZ-35,CHECK:02-04?,manual,0.413,0.366,0.221
LAKADGANJ,SUBHAN NAGAR ESR,SZ-31,CHECK:18-24?,manual,0.341,0.403,0.256
LAKADGANJ,SUBHAN NAGAR ESR,SZ-13,CHECK:18-24?,manual,0.369,0.416,0.215
LAKADGANJ,SUBHAN NAGAR ESR,SZ-32,CHECK:02-04?,manual,0.404,0.386,0.21
LAKADGANJ,SUBHAN NAGAR ESR,SZ-21,CHECK:18-24?,manual,0.341,0.416,0.243
LAKADGANJ,SUBHAN NAGAR ESR,SZ-12,CHECK:18-24?,manual,0.337,0.407,0.255
LAKADGANJ,SUBHAN NAGAR ESR,SZ-43,CHECK:02-04?,manual,0.377,0.366,0.257
LAKADGANJ,SUBHAN NAGAR ESR,SZ-7,CHECK:02-04?,manual,0.392,0.359,0.249
LAKADGANJ,SUBHAN NAGAR ESR,SZ-23,CHECK:18-24?,manual,0.355,0.416,0.23
LAKADGANJ,SUBHAN NAGAR ESR,SZ-10,04-08,auto,0.278,0.343,0.379
LAKADGANJ,SUBHAN NAGAR ESR,SZ-40,CHECK:02-04?,manual,0.41,0.373,0.217
LAKADGANJ,SUBHAN NAGAR ESR,SZ-26,CHECK:18-24?,manual,0.337,0.416,0.247
LAKADGANJ,SUBHAN NAGAR ESR,SZ-22,CHECK:18-24?,manual,0.334,0.408,0.258
LAKADGANJ,SUBHAN NAGAR ESR,SZ-17,CHECK:18-24?,manual,0.349,0.414,0.238
LAKADGANJ,SUBHAN NAGAR ESR,SZ-6,CHECK:02-04?,manual,0.411,0.361,0.227
LAKADGANJ,SUBHAN NAGAR ESR,SZ-15,CHECK:18-24?,manual,0.337,0.406,0.258
LAKADGANJ,SUBHAN NAGAR ESR,SZ-27,CHECK:02-04?,manual,0.356,0.358,0.286
LAKADGANJ,SUBHAN NAGAR ESR,SZ-37,CHECK:02-04?,manual,0.376,0.362,0.262
LAKADGANJ,SUBHAN NAGAR ESR,SZ-39,CHECK:02-04?,manual,0.421,0.367,0.212
LAKADGANJ,SUBHAN NAGAR ESR,SZ-38,CHECK:02-04?,manual,0.408,0.369,0.222
LaxmiNagar,GAYATRI NAGAR ESR,SZ-4,CHECK:18-24?,manual,0.34,0.38,0.28
LaxmiNagar,GAYATRI NAGAR ESR,SZ-7,CHECK:02-04?,manual,0.399,0.351,0.25
LaxmiNagar,GAYATRI NAGAR ESR,SZ-3,CHECK:02-04?,manual,0.4,0.353,0.247
LaxmiNagar,GAYATRI NAGAR ESR,SZ-10,CHECK:02-04?,manual,0.374,0.358,0.268
LaxmiNagar,GAYATRI NAGAR ESR,SZ-9,CHECK:02-04?,manual,0.362,0.366,0.271
LaxmiNagar,GAYATRI NAGAR ESR,SZ-5,CHECK:02-04?,manual,0.397,0.355,0.248
LaxmiNagar,GAYATRI NAGAR ESR,SZ-11,CHECK:02-04?,manual,0.374,0.358,0.268
LaxmiNagar,GAYATRI NAGAR ESR,SZ-6,CHECK:02-04?,manual,0.35,0.388,0.262
LaxmiNagar,GAYATRI NAGAR ESR,SZ-2,CHECK:18-24?,manual,0.34,0.387,0.273
LaxmiNagar,GAYATRI NAGAR ESR,SZ-8,CHECK:18-24?,manual,0.352,0.395,0.253
LaxmiNagar,Khamla ESR,SZ-5,CHECK:02-04?,manual,0.363,0.362,0.275
LaxmiNagar,Khamla ESR,SZ-17,04-08,auto,0.29,0.34,0.37
LaxmiNagar,Khamla ESR,SZ-19,CHECK:02-04?,manual,0.368,0.36,0.272
LaxmiNagar,Khamla ESR,SZ-10,CHECK:18-24?,manual,0.341,0.386,0.274
LaxmiNagar,Khamla ESR,SZ-11,CHECK:18-24?,manual,0.336,0.392,0.272
LaxmiNagar,Khamla ESR,SZ-2,CHECK:02-04?,manual,0.365,0.371,0.264
LaxmiNagar,Khamla ESR,SZ-18,CHECK:02-04?,manual,0.373,0.36,0.268
LaxmiNagar,Khamla ESR,SZ-16,04-08,auto,0.3,0.339,0.361
LaxmiNagar,Khamla ESR,SZ-1,CHECK:02-04?,manual,0.381,0.37,0.249
LaxmiNagar,Khamla ESR,SZ-9,CHECK:02-04?,manual,0.368,0.362,0.27
LaxmiNagar,Khamla ESR,SZ-7,CHECK:02-04?,manual,0.396,0.371,0.233
LaxmiNagar,Khamla ESR,SZ-13,CHECK:18-24?,manual,0.342,0.39,0.268
LaxmiNagar,Khamla ESR,SZ-15,CHECK:02-04?,manual,0.365,0.389,0.246
LaxmiNagar,Khamla ESR,SZ-12,CHECK:18-24?,manual,0.344,0.385,0.272
LaxmiNagar,Khamla ESR,SZ-8,CHECK:02-04?,manual,0.365,0.361,0.274
LaxmiNagar,Khamla ESR,SZ-6,04-08,auto,0.3,0.341,0.359
LaxmiNagar,Khamla ESR,SZ-4,CHECK:02-04?,manual,0.364,0.363,0.273
LaxmiNagar,Khamla ESR,SZ-3,CHECK:02-04?,manual,0.376,0.363,0.261
LaxmiNagar,Khamla ESR,SZ-14,CHECK:02-04?,manual,0.363,0.361,0.277
LaxmiNagar,Khamla ESR,SZ-20,CHECK:02-04?,manual,0.368,0.359,0.274
LaxmiNagar,Laxmi Nagar New ESR,SZ-4,CHECK:18-24?,manual,0.344,0.385,0.271
LaxmiNagar,Laxmi Nagar New ESR,SZ-3,CHECK:02-04?,manual,0.405,0.355,0.241
LaxmiNagar,Laxmi Nagar New ESR,SZ-1,CHECK:18-24?,manual,0.33,0.395,0.275
LaxmiNagar,Laxmi Nagar New ESR,SZ-6,CHECK:02-04?,manual,0.357,0.396,0.247
LaxmiNagar,Laxmi Nagar New ESR,SZ-11,CHECK:02-04?,manual,0.366,0.363,0.271
LaxmiNagar,Laxmi Nagar New ESR,SZ-9,04-08,auto,0.291,0.341,0.368
LaxmiNagar,Laxmi Nagar New ESR,SZ-12,CHECK:02-04?,manual,0.367,0.36,0.273
LaxmiNagar,Laxmi Nagar New ESR,SZ-13,CHECK:02-04?,manual,0.344,0.384,0.272
LaxmiNagar,Laxmi Nagar New ESR,SZ-10,CHECK:02-04?,manual,0.327,0.343,0.33
LaxmiNagar,Laxmi Nagar New ESR,SZ-14,CHECK:02-04?,manual,0.37,0.364,0.267
LaxmiNagar,Laxmi Nagar New ESR,SZ-7,04-08,auto,0.291,0.342,0.367
LaxmiNagar,Laxmi Nagar New ESR,SZ-5,04-08,auto,0.281,0.351,0.367
LaxmiNagar,Laxmi Nagar New ESR,SZ-8,CHECK:18-24?,manual,0.341,0.411,0.248
LaxmiNagar,Laxmi Nagar New ESR,SZ-2,CHECK:02-04?,manual,0.349,0.386,0.266
LaxmiNagar,Laxmi Nagar Old ESR,SZ-15,CHECK:18-24?,manual,0.334,0.39,0.276
LaxmiNagar,Laxmi Nagar Old ESR,SZ-7,CHECK:02-04?,manual,0.35,0.383,0.267
LaxmiNagar,Laxmi Nagar Old ESR,SZ-6,CHECK:02-04?,manual,0.349,0.383,0.269
LaxmiNagar,Laxmi Nagar Old ESR,SZ-4,CHECK:02-04?,manual,0.364,0.399,0.237
LaxmiNagar,Laxmi Nagar Old ESR,SZ-5,CHECK:02-04?,manual,0.407,0.362,0.231
LaxmiNagar,Laxmi Nagar Old ESR,SZ-16,CHECK:02-04?,manual,0.349,0.385,0.266
LaxmiNagar,Laxmi Nagar Old ESR,SZ-3,CHECK:18-24?,manual,0.339,0.39,0.271
LaxmiNagar,Laxmi Nagar Old ESR,SZ-8,CHECK:18-24?,manual,0.337,0.393,0.27
LaxmiNagar,Laxmi Nagar Old ESR,SZ-11,CHECK:18-24?,manual,0.347,0.444,0.208
LaxmiNagar,Laxmi Nagar Old ESR,SZ-13,04-08,auto,0.295,0.35,0.355
LaxmiNagar,Laxmi Nagar Old ESR,SZ-14,CHECK:02-04?,manual,0.366,0.36,0.274
LaxmiNagar,Laxmi Nagar Old ESR,SZ-9,CHECK:18-24?,manual,0.343,0.385,0.272
LaxmiNagar,Laxmi Nagar Old ESR,SZ-17,CHECK:02-04?,manual,0.366,0.36,0.274
LaxmiNagar,Laxmi Nagar Old ESR,SZ-2,CHECK:02-04?,manual,0.37,0.38,0.25
LaxmiNagar,Laxmi Nagar Old ESR,SZ-10,CHECK:18-24?,manual,0.345,0.388,0.267
LaxmiNagar,Laxmi Nagar Old ESR,SZ-12,CHECK:02-04?,manual,0.381,0.386,0.233
LaxmiNagar,Laxmi Nagar Old ESR,SZ-1,CHECK:18-24?,manual,0.342,0.388,0.27
LaxmiNagar,Laxmi Nagar Old ESR,SZ-7,CHECK:18-24?,manual,0.345,0.393,0.262
LaxmiNagar,PRATAP NAGAR ESR,SZ-14,CHECK:02-04?,manual,0.389,0.352,0.259
LaxmiNagar,PRATAP NAGAR ESR,SZ-11,CHECK:02-04?,manual,0.323,0.35,0.327
LaxmiNagar,PRATAP NAGAR ESR,SZ-13,CHECK:02-04?,manual,0.321,0.352,0.327
LaxmiNagar,PRATAP NAGAR ESR,SZ-8,CHECK:18-24?,manual,0.312,0.354,0.334
LaxmiNagar,PRATAP NAGAR ESR,SZ-4,CHECK:02-04?,manual,0.346,0.35,0.303
LaxmiNagar,PRATAP NAGAR ESR,SZ-16,CHECK:02-04?,manual,0.315,0.35,0.335
LaxmiNagar,PRATAP NAGAR ESR,SZ-1,CHECK:18-24?,manual,0.337,0.385,0.279
LaxmiNagar,PRATAP NAGAR ESR,SZ-6,CHECK:02-04?,manual,0.359,0.361,0.28
LaxmiNagar,PRATAP NAGAR ESR,SZ-15,CHECK:02-04?,manual,0.317,0.353,0.33
LaxmiNagar,PRATAP NAGAR ESR,SZ-12,CHECK:02-04?,manual,0.365,0.356,0.279
LaxmiNagar,PRATAP NAGAR ESR,SZ-18,CHECK:02-04?,manual,0.37,0.355,0.275
LaxmiNagar,PRATAP NAGAR ESR,SZ-7,CHECK:02-04?,manual,0.32,0.349,0.331
LaxmiNagar,PRATAP NAGAR ESR,SZ-20,CHECK:02-04?,manual,0.323,0.35,0.327
LaxmiNagar,PRATAP NAGAR ESR,SZ-10,CHECK:02-04?,manual,0.381,0.356,0.263
LaxmiNagar,PRATAP NAGAR ESR,SZ-2,CHECK:02-04?,manual,0.318,0.349,0.333
LaxmiNagar,PRATAP NAGAR ESR,SZ-19,CHECK:02-04?,manual,0.372,0.356,0.273
LaxmiNagar,PRATAP NAGAR ESR,SZ-3,CHECK:02-04?,manual,0.396,0.357,0.247
LaxmiNagar,PRATAP NAGAR ESR,SZ-5,CHECK:02-04?,manual,0.318,0.356,0.326
LaxmiNagar,PRATAP NAGAR ESR,SZ-17,CHECK:02-04?,manual,0.361,0.359,0.281
LaxmiNagar,PRATAP NAGAR ESR,SZ-9,CHECK:02-04?,manual,0.32,0.351,0.329
LaxmiNagar,Trimurty Nagar ESR,SZ-15,CHECK:18-24?,manual,0.343,0.386,0.271
LaxmiNagar,Trimurty Nagar ESR,SZ-10,CHECK:18-24?,manual,0.341,0.385,0.275
LaxmiNagar,Trimurty Nagar ESR,SZ-8,CHECK:18-24?,manual,0.342,0.385,0.274
LaxmiNagar,Trimurty Nagar ESR,SZ-16,CHECK:18-24?,manual,0.335,0.391,0.274
LaxmiNagar,Trimurty Nagar ESR,SZ-2,CHECK:18-24?,manual,0.339,0.387,0.274
LaxmiNagar,Trimurty Nagar ESR,SZ-9,CHECK:18-24?,manual,0.336,0.391,0.273
LaxmiNagar,Trimurty Nagar ESR,SZ-3,CHECK:18-24?,manual,0.34,0.395,0.265
LaxmiNagar,Trimurty Nagar ESR,SZ-17,CHECK:02-04?,manual,0.352,0.383,0.265
LaxmiNagar,Trimurty Nagar ESR,SZ-14,CHECK:18-24?,manual,0.337,0.389,0.274
LaxmiNagar,Trimurty Nagar ESR,SZ-13,CHECK:18-24?,manual,0.339,0.397,0.264
LaxmiNagar,Trimurty Nagar ESR,SZ-4,CHECK:18-24?,manual,0.341,0.387,0.273
LaxmiNagar,Trimurty Nagar ESR,SZ-18,CHECK:18-24?,manual,0.343,0.383,0.274
LaxmiNagar,Trimurty Nagar ESR,SZ-5,CHECK:18-24?,manual,0.327,0.393,0.28
LaxmiNagar,Trimurty Nagar ESR,SZ-11,CHECK:02-04?,manual,0.353,0.389,0.258
LaxmiNagar,Trimurty Nagar ESR,SZ-6,CHECK:18-24?,manual,0.337,0.395,0.268
LaxmiNagar,Trimurty Nagar ESR,SZ-7,CHECK:18-24?,manual,0.339,0.392,0.269
LaxmiNagar,Trimurty Nagar ESR,SZ-12,CHECK:18-24?,manual,0.34,0.388,0.272
LaxmiNagar,Trimurty Nagar ESR,SZ-1,CHECK:18-24?,manual,0.35,0.39,0.26
MANGALWARI,GITTIKHADAN ESR,SZ-22,04-08,auto,0.299,0.339,0.362
MANGALWARI,GITTIKHADAN ESR,SZ-2,CHECK:02-04?,manual,0.361,0.361,0.278
MANGALWARI,GITTIKHADAN ESR,SZ-8,04-08,auto,0.291,0.336,0.373
MANGALWARI,GITTIKHADAN ESR,SZ-14,04-08,auto,0.3,0.337,0.362
MANGALWARI,GITTIKHADAN ESR,SZ-13,04-08,auto,0.293,0.339,0.369
MANGALWARI,GITTIKHADAN ESR,SZ-26,04-08,auto,0.293,0.344,0.363
MANGALWARI,GITTIKHADAN ESR,SZ-6,04-08,auto,0.289,0.343,0.368
MANGALWARI,GITTIKHADAN ESR,SZ-19,CHECK:18-24?,manual,0.334,0.413,0.254
MANGALWARI,GITTIKHADAN ESR,SZ-31,CHECK:02-04?,manual,0.362,0.363,0.275
MANGALWARI,GITTIKHADAN ESR,SZ-18,04-08,auto,0.29,0.343,0.367
MANGALWARI,GITTIKHADAN ESR,SZ-29,CHECK:02-04?,manual,0.367,0.362,0.272
MANGALWARI,GITTIKHADAN ESR,SZ-30,CHECK:02-04?,manual,0.38,0.359,0.261
MANGALWARI,GITTIKHADAN ESR,SZ-39,04-08,auto,0.297,0.34,0.363
MANGALWARI,GITTIKHADAN ESR,SZ-40,CHECK:02-04?,manual,0.365,0.36,0.274
MANGALWARI,GITTIKHADAN ESR,SZ-7,04-08,auto,0.294,0.34,0.366
MANGALWARI,GITTIKHADAN ESR,SZ-37,04-08,auto,0.298,0.339,0.363
MANGALWARI,GITTIKHADAN ESR,SZ-16,04-08,auto,0.296,0.339,0.365
MANGALWARI,GITTIKHADAN ESR,SZ-36,04-08,auto,0.286,0.344,0.37
MANGALWARI,GITTIKHADAN ESR,SZ-9,CHECK:18-24?,manual,0.328,0.414,0.259
MANGALWARI,GITTIKHADAN ESR,SZ-24,CHECK:02-04?,manual,0.371,0.358,0.27
MANGALWARI,GITTIKHADAN ESR,SZ-21,CHECK:02-04?,manual,0.365,0.365,0.269
MANGALWARI,GITTIKHADAN ESR,SZ-32,CHECK:02-04?,manual,0.365,0.365,0.27
MANGALWARI,GITTIKHADAN ESR,SZ-1,CHECK:02-04?,manual,0.364,0.36,0.275
MANGALWARI,GITTIKHADAN ESR,SZ-10,CHECK:02-04?,manual,0.353,0.363,0.284
MANGALWARI,GITTIKHADAN ESR,SZ-38,04-08,auto,0.291,0.34,0.369
MANGALWARI,GITTIKHADAN ESR,SZ-5,04-08,auto,0.291,0.343,0.366
MANGALWARI,GITTIKHADAN ESR,SZ-28,CHECK:02-04?,manual,0.364,0.36,0.276
MANGALWARI,GITTIKHADAN ESR,SZ-17,CHECK:02-04?,manual,0.366,0.368,0.265
MANGALWARI,GITTIKHADAN ESR,SZ-42,CHECK:02-04?,manual,0.362,0.364,0.274
MANGALWARI,GITTIKHADAN ESR,SZ-4,04-08,auto,0.295,0.339,0.366
MANGALWARI,GITTIKHADAN ESR,SZ-27,04-08,auto,0.29,0.34,0.37
MANGALWARI,GITTIKHADAN ESR,SZ-11,04-08,auto,0.297,0.34,0.364
MANGALWARI,GITTIKHADAN ESR,SZ-25,CHECK:02-04?,manual,0.361,0.367,0.273
MANGALWARI,GITTIKHADAN ESR,SZ-23,CHECK:02-04?,manual,0.361,0.36,0.278
MANGALWARI,GITTIKHADAN ESR,SZ-43,CHECK:02-04?,manual,0.386,0.357,0.257
MANGALWARI,GITTIKHADAN ESR,SZ-41,CHECK:02-04?,manual,0.365,0.363,0.272
MANGALWARI,GITTIKHADAN ESR,SZ-20,CHECK:18-24?,manual,0.335,0.404,0.261
MANGALWARI,GITTIKHADAN ESR,SZ-15,04-08,auto,0.294,0.339,0.367
MANGALWARI,GITTIKHADAN ESR,SZ-35,04-08,auto,0.294,0.341,0.366
MANGALWARI,GITTIKHADAN ESR,SZ-12,04-08,auto,0.297,0.34,0.364
MANGALWARI,GITTIKHADAN ESR,SZ-44,CHECK:02-04?,manual,0.402,0.359,0.239
MANGALWARI,GITTIKHADAN ESR,SZ-3,CHECK:02-04?,manual,0.365,0.361,0.274
MANGALWARI,GITTIKHADAN ESR,SZ-34,04-08,auto,0.296,0.34,0.364
MANGALWARI,GITTIKHADAN ESR,SZ-33,04-08,auto,0.3,0.34,0.36
MANGALWARI,GITTIKHADAN ESR,SZ-8,CHECK:02-04?,manual,0.366,0.364,0.27
MANGALWARI,GITTIKHADAN ESR,SZ-3,CHECK:02-04?,manual,0.367,0.365,0.269
MANGALWARI,GOREWADA ESR,SZ-32,CHECK:02-04?,manual,0.374,0.36,0.266
MANGALWARI,GOREWADA ESR,SZ-30,04-08,auto,0.289,0.346,0.366
MANGALWARI,GOREWADA ESR,SZ-38,04-08,auto,0.298,0.337,0.365
MANGALWARI,GOREWADA ESR,SZ-31,CHECK:02-04?,manual,0.396,0.351,0.253
MANGALWARI,GOREWADA ESR,SZ-22,CHECK:02-04?,manual,0.396,0.351,0.253
MANGALWARI,GOREWADA ESR,SZ-9,04-08,auto,0.302,0.336,0.361
MANGALWARI,GOREWADA ESR,SZ-46,CHECK:02-04?,manual,0.428,0.308,0.264
MANGALWARI,GOREWADA ESR,SZ-45,CHECK:02-04?,manual,0.394,0.35,0.256
MANGALWARI,GOREWADA ESR,SZ-44,CHECK:02-04?,manual,0.429,0.302,0.269
MANGALWARI,GOREWADA ESR,SZ-43,CHECK:02-04?,manual,0.422,0.308,0.27
MANGALWARI,GOREWADA ESR,SZ-42,CHECK:02-04?,manual,0.421,0.308,0.27
MANGALWARI,GOREWADA ESR,SZ-41,CHECK:02-04?,manual,0.424,0.307,0.269
MANGALWARI,GOREWADA ESR,SZ-27,CHECK:02-04?,manual,0.416,0.307,0.276
MANGALWARI,GOREWADA ESR,SZ-26,CHECK:02-04?,manual,0.414,0.322,0.265
MANGALWARI,GOREWADA ESR,SZ-23,CHECK:02-04?,manual,0.397,0.352,0.251
MANGALWARI,GOREWADA ESR,SZ-25,CHECK:02-04?,manual,0.391,0.352,0.258
MANGALWARI,GOREWADA ESR,SZ-28,CHECK:02-04?,manual,0.395,0.354,0.251
MANGALWARI,GOREWADA ESR,SZ-24,CHECK:02-04?,manual,0.447,0.398,0.155
MANGALWARI,GOREWADA ESR,SZ-21,CHECK:02-04?,manual,0.392,0.353,0.255
MANGALWARI,GOREWADA ESR,SZ-19,CHECK:02-04?,manual,0.372,0.357,0.271
MANGALWARI,GOREWADA ESR,SZ-20,CHECK:02-04?,manual,0.367,0.36,0.273
MANGALWARI,GOREWADA ESR,SZ-39,CHECK:02-04?,manual,0.374,0.356,0.27
MANGALWARI,GOREWADA ESR,SZ-36,CHECK:02-04?,manual,0.369,0.358,0.273
MANGALWARI,GOREWADA ESR,SZ-34,CHECK:02-04?,manual,0.369,0.36,0.27
MANGALWARI,GOREWADA ESR,SZ-35,CHECK:02-04?,manual,0.366,0.357,0.277
MANGALWARI,GOREWADA ESR,SZ-33,CHECK:02-04?,manual,0.366,0.358,0.276
MANGALWARI,GOREWADA ESR,SZ-8,CHECK:02-04?,manual,0.394,0.354,0.252
MANGALWARI,GOREWADA ESR,SZ-10,CHECK:02-04?,manual,0.396,0.355,0.249
MANGALWARI,GOREWADA ESR,SZ-14,CHECK:02-04?,manual,0.387,0.355,0.258
MANGALWARI,GOREWADA ESR,SZ-16,CHECK:02-04?,manual,0.366,0.357,0.276
MANGALWARI,GOREWADA ESR,SZ-15,CHECK:02-04?,manual,0.37,0.36,0.27
MANGALWARI,GOREWADA ESR,SZ-17,CHECK:02-04?,manual,0.379,0.361,0.26
MANGALWARI,GOREWADA ESR,SZ-18,CHECK:02-04?,manual,0.409,0.356,0.236
MANGALWARI,GOREWADA ESR,SZ-7,CHECK:02-04?,manual,0.406,0.358,0.236
MANGALWARI,GOREWADA ESR,SZ-13,CHECK:02-04?,manual,0.406,0.355,0.24
MANGALWARI,GOREWADA ESR,SZ-11,CHECK:02-04?,manual,0.4,0.355,0.245
MANGALWARI,GOREWADA ESR,SZ-12,CHECK:02-04?,manual,0.396,0.355,0.249
MANGALWARI,GOREWADA ESR,SZ-29,04-08,auto,0.301,0.339,0.36
MANGALWARI,GOREWADA ESR,SZ-1,04-08,auto,0.3,0.34,0.359
MANGALWARI,GOREWADA ESR,SZ-4,CHECK:18-24?,manual,0.343,0.409,0.248
MANGALWARI,GOREWADA ESR,SZ-2,04-08,auto,0.276,0.352,0.372
MANGALWARI,GOREWADA ESR,SZ-3,04-08,auto,0.296,0.341,0.363
MANGALWARI,GOREWADA ESR,SZ-5,04-08,auto,0.305,0.335,0.36
MANGALWARI,GOREWADA ESR,SZ-6,CHECK:02-04?,manual,0.429,0.356,0.215
MANGALWARI,GOREWADA ESR,SZ-37,04-08,auto,0.303,0.339,0.358
MANGALWARI,GOREWADA ESR,SZ-40,04-08,auto,0.276,0.359,0.366
MANGALWARI,GOREWADA ESR,SZ-47,04-08,auto,0.269,0.36,0.37
MANGALWARI,GOREWADA ESR,SZ-48,04-08,auto,0.284,0.358,0.358
MANGALWARI,GOVERNOR HOUSE - RAJ NAGAR,SZ-8,CHECK:02-04?,manual,0.366,0.366,0.268
MANGALWARI,GOVERNOR HOUSE - RAJ NAGAR,SZ-4,04-08,auto,0.273,0.337,0.39
MANGALWARI,GOVERNOR HOUSE - RAJ NAGAR,SZ-2,CHECK:18-24?,manual,0.335,0.438,0.227
MANGALWARI,GOVERNOR HOUSE - RAJ NAGAR,SZ-1,CHECK:18-24?,manual,0.328,0.445,0.227
MANGALWARI,GOVERNOR HOUSE - RAJ NAGAR,SZ-6,04-08,auto,0.266,0.334,0.4
MANGALWARI,GOVERNOR HOUSE - RAJ NAGAR,SZ-15,CHECK:18-24?,manual,0.327,0.434,0.239
MANGALWARI,GOVERNOR HOUSE - RAJ NAGAR,SZ-14,04-08,auto,0.258,0.337,0.405
MANGALWARI,GOVERNOR HOUSE - RAJ NAGAR,SZ-10,04-08,auto,0.273,0.33,0.397
MANGALWARI,GOVERNOR HOUSE - RAJ NAGAR,SZ-9,CHECK:18-24?,manual,0.348,0.445,0.207
MANGALWARI,GOVERNOR HOUSE - RAJ NAGAR,SZ-5,04-08,auto,0.274,0.335,0.391
MANGALWARI,GOVERNOR HOUSE - RAJ NAGAR,SZ-13,04-08,auto,0.265,0.333,0.402
MANGALWARI,GOVERNOR HOUSE - RAJ NAGAR,SZ-7,CHECK:18-24?,manual,0.341,0.454,0.205
MANGALWARI,GOVERNOR HOUSE - RAJ NAGAR,SZ-3,04-08,auto,0.273,0.333,0.394
MANGALWARI,GOVERNOR HOUSE - SADAR,SZ-17,04-08,auto,0.315,0.332,0.352
MANGALWARI,GOVERNOR HOUSE - SADAR,SZ-11,04-08,auto,0.303,0.338,0.359
MANGALWARI,GOVERNOR HOUSE - SADAR,SZ-12,04-08,auto,0.298,0.336,0.366
MANGALWARI,GOVERNOR HOUSE - SADAR,SZ-15,CHECK:02-04?,manual,0.37,0.356,0.274
MANGALWARI,GOVERNOR HOUSE - SADAR,SZ-16,04-08,auto,0.304,0.339,0.358
MANGALWARI,GOVERNOR HOUSE - SADAR,SZ-8,CHECK:18-24?,manual,0.324,0.401,0.275
MANGALWARI,GOVERNOR HOUSE - SADAR,SZ-5,CHECK:18-24?,manual,0.339,0.387,0.274
MANGALWARI,GOVERNOR HOUSE - SADAR,SZ-7,CHECK:02-04?,manual,0.355,0.386,0.259
MANGALWARI,GOVERNOR HOUSE - SADAR,SZ-13,CHECK:02-04?,manual,0.389,0.361,0.251
MANGALWARI,GOVERNOR HOUSE - SADAR,SZ-9,CHECK:02-04?,manual,0.349,0.388,0.263
MANGALWARI,GOVERNOR HOUSE - SADAR,SZ-6,CHECK:18-24?,manual,0.35,0.4,0.25
MANGALWARI,GOVERNOR HOUSE - SADAR,SZ-1,CHECK:18-24?,manual,0.336,0.448,0.216
MANGALWARI,GOVERNOR HOUSE - SADAR,SZ-4,CHECK:18-24?,manual,0.339,0.383,0.277
MANGALWARI,GOVERNOR HOUSE - SADAR,SZ-14,CHECK:02-04?,manual,0.37,0.359,0.271
MANGALWARI,GOVERNOR HOUSE - SADAR,SZ-18,04-08,auto,0.294,0.339,0.367
MANGALWARI,GOVERNOR HOUSE - SADAR,SZ-10,CHECK:02-04?,manual,0.403,0.355,0.242
MANGALWARI,GOVERNOR HOUSE - SADAR,SZ-3,CHECK:02-04?,manual,0.342,0.379,0.279
MANGALWARI,GOVERNOR HOUSE - SADAR,SZ-2,CHECK:02-04?,manual,0.341,0.381,0.277
NEHRU NAGAR,DIGHORI ESR,SZ-9,CHECK:02-04?,manual,0.363,0.367,0.27
NEHRU NAGAR,DIGHORI ESR,SZ-21,CHECK:02-04?,manual,0.358,0.367,0.275
NEHRU NAGAR,DIGHORI ESR,SZ-20,CHECK:02-04?,manual,0.371,0.363,0.266
NEHRU NAGAR,DIGHORI ESR,SZ-8,CHECK:02-04?,manual,0.369,0.369,0.261
NEHRU NAGAR,DIGHORI ESR,SZ-11,CHECK:02-04?,manual,0.37,0.366,0.264
NEHRU NAGAR,DIGHORI ESR,SZ-16,CHECK:02-04?,manual,0.371,0.365,0.264
NEHRU NAGAR,DIGHORI ESR,SZ-12,CHECK:02-04?,manual,0.374,0.364,0.262
NEHRU NAGAR,DIGHORI ESR,SZ-18,CHECK:02-04?,manual,0.378,0.368,0.254
NEHRU NAGAR,DIGHORI ESR,SZ-14,CHECK:02-04?,manual,0.383,0.365,0.252
NEHRU NAGAR,DIGHORI ESR,SZ-13,CHECK:02-04?,manual,0.373,0.365,0.262
NEHRU NAGAR,DIGHORI ESR,SZ-10,CHECK:02-04?,manual,0.366,0.368,0.266
NEHRU NAGAR,DIGHORI ESR,SZ-17,CHECK:02-04?,manual,0.361,0.363,0.276
NEHRU NAGAR,DIGHORI ESR,SZ-15,CHECK:02-04?,manual,0.368,0.366,0.266
NEHRU NAGAR,DIGHORI ESR,SZ-19,CHECK:02-04?,manual,0.375,0.37,0.255
NEHRU NAGAR,NANDANVAN ESR,SZ-7,04-08,auto,0.308,0.339,0.353
NEHRU NAGAR,NANDANVAN ESR,SZ-4,CHECK:02-04?,manual,0.323,0.343,0.333
NEHRU NAGAR,NANDANVAN ESR,SZ-9,04-08,auto,0.305,0.337,0.358
NEHRU NAGAR,NANDANVAN ESR,SZ-3,04-08,auto,0.296,0.34,0.364
NEHRU NAGAR,NANDANVAN ESR,SZ-8,CHECK:02-04?,manual,0.433,0.303,0.264
NEHRU NAGAR,NANDANVAN ESR,SZ-7,04-08,auto,0.3,0.338,0.362
NEHRU NAGAR,NANDANVAN ESR,SZ-6,04-08,auto,0.303,0.34,0.357
NEHRU NAGAR,NANDANVAN ESR,SZ-5,04-08,auto,0.303,0.339,0.358
NEHRU NAGAR,NANDANVAN ESR,SZ-1,CHECK:02-04?,manual,0.397,0.355,0.247
NEHRU NAGAR,NANDANVAN ESR,SZ-10,CHECK:02-04?,manual,0.401,0.354,0.245
NEHRU NAGAR,NANDANVAN ESR,SZ-2,CHECK:02-04?,manual,0.401,0.356,0.244
SATRANJIPURA,Bastarwari ESR IIA,SZ-1,CHECK:02-04?,manual,0.427,0.307,0.266
SATRANJIPURA,Bastarwari ESR IIA,SZ-3,CHECK:02-04?,manual,0.419,0.305,0.276
SATRANJIPURA,Bastarwari ESR IIA,SZ-8,CHECK:02-04?,manual,0.401,0.359,0.24
SATRANJIPURA,Bastarwari ESR IIA,SZ-7,CHECK:02-04?,manual,0.406,0.355,0.24
SATRANJIPURA,Bastarwari ESR IIA,SZ-11,CHECK:02-04?,manual,0.405,0.356,0.239
SATRANJIPURA,Bastarwari ESR IIA,SZ-9,CHECK:02-04?,manual,0.407,0.355,0.238
SATRANJIPURA,Bastarwari ESR IIA,SZ-5,CHECK:02-04?,manual,0.409,0.357,0.235
SATRANJIPURA,Bastarwari ESR IIA,SZ-10,CHECK:02-04?,manual,0.39,0.357,0.253
SATRANJIPURA,Bastarwari ESR IIA,SZ-13,CHECK:02-04?,manual,0.411,0.349,0.24
SATRANJIPURA,Bastarwari ESR IIA,SZ-2,CHECK:02-04?,manual,0.48,0.296,0.223
SATRANJIPURA,Bastarwari ESR IIA,SZ-4,CHECK:02-04?,manual,0.402,0.351,0.248
SATRANJIPURA,Bastarwari ESR IIA,SZ-6,CHECK:02-04?,manual,0.408,0.351,0.241
SATRANJIPURA,Bastarwari ESR IIA,SZ-12,CHECK:02-04?,manual,0.422,0.362,0.216
SATRANJIPURA,Shanti Nagar ESR,SZ-2,CHECK:18-24?,manual,0.344,0.425,0.231
SATRANJIPURA,Shanti Nagar ESR,SZ-4,CHECK:02-04?,manual,0.371,0.363,0.266
SATRANJIPURA,Shanti Nagar ESR,SZ-6,CHECK:02-04?,manual,0.356,0.361,0.282
SATRANJIPURA,Shanti Nagar ESR,SZ-12,CHECK:02-04?,manual,0.375,0.364,0.262
SATRANJIPURA,Shanti Nagar ESR,SZ-5,CHECK:02-04?,manual,0.405,0.368,0.227
SATRANJIPURA,Shanti Nagar ESR,SZ-7,CHECK:02-04?,manual,0.371,0.364,0.265
SATRANJIPURA,Shanti Nagar ESR,SZ-11,CHECK:02-04?,manual,0.391,0.378,0.231
SATRANJIPURA,Shanti Nagar ESR,SZ-9,CHECK:02-04?,manual,0.377,0.365,0.258
SATRANJIPURA,Shanti Nagar ESR,SZ-10,CHECK:02-04?,manual,0.376,0.363,0.261
SATRANJIPURA,Shanti Nagar ESR,SZ-3,CHECK:02-04?,manual,0.371,0.363,0.266
SATRANJIPURA,Shanti Nagar ESR,SZ-8,CHECK:02-04?,manual,0.373,0.361,0.266
SATRANJIPURA,Shanti Nagar ESR,SZ-1,CHECK:18-24?,manual,0.343,0.417,0.239
SATRANJIPURA,Shanti Nagar ESR,SZ-14,CHECK:02-04?,manual,0.377,0.364,0.259
SATRANJIPURA,Shanti Nagar ESR,SZ-13,CHECK:02-04?,manual,0.395,0.366,0.239
